mandante,societa,conto,importo,data
130,1000,E.9.01.01.02.000,5126.77,2016-01-13
130,1000,E.9.01.03.01.000,1700.00,2016-01-13
130,1000,E.9.01.01.02.000,49.00,2016-01-14
130,1000,E.3.01.03.01.000,6499.80,2016-01-15
130,1000,E.9.02.99.99.000,490.00,2016-01-18
130,1000,E.9.01.01.02.000,2700.50,2016-01-19
130,1000,E.9.01.03.01.000,904.80,2016-01-19
130,1000,E.9.01.99.03.000,911.25,2016-01-19
130,1000,E.3.03.03.04.000,213.56,2016-01-20
130,1000,E.3.05.99.99.000,445.40,2016-01-20
130,1000,E.9.01.01.02.000,580.52,2016-01-20
130,1000,E.9.01.01.02.000,1058.21,2016-01-21
130,1000,E.9.01.01.02.000,2.64,2016-01-22
130,1000,E.9.01.02.01.000,7598.12,2016-01-22
130,1000,E.3.05.99.99.000,3497.52,2016-01-25
130,1000,E.9.01.01.02.000,1790.26,2016-01-25
130,1000,E.9.01.02.01.000,346720.23,2016-01-25
130,1000,E.9.01.99.03.000,101.50,2016-01-25
130,1000,E.9.02.99.99.000,7657.93,2016-01-25
130,1000,E.3.03.03.04.000,0.51,2016-01-26
130,1000,E.3.05.99.99.000,1961.87,2016-01-26
130,1000,E.9.01.01.02.000,42582.10,2016-01-26
130,1000,E.9.01.03.01.000,1903.20,2016-01-26
130,1000,E.9.02.99.99.000,5962.41,2016-01-26
130,1000,E.2.01.01.04.000,2456568.00,2016-01-29
130,1000,E.9.01.99.03.000,22220.51,2016-01-29
130,1000,E.9.01.01.02.000,1996.87,2016-02-01
130,1000,E.9.01.99.03.000,11169.90,2016-02-01
130,1000,E.9.01.01.02.000,35942.47,2016-02-03
130,1000,E.9.01.03.01.000,1575.45,2016-02-03
130,1000,E.9.01.01.02.000,4257.40,2016-02-09
130,1000,E.2.01.01.04.000,10000000.00,2016-02-10
130,1000,E.9.01.01.02.000,3975.00,2016-02-11
130,1000,E.2.01.02.01.000,2818.91,2016-02-12
130,1000,E.9.01.01.02.000,372.33,2016-02-15
130,1000,E.9.01.02.01.000,7480.80,2016-02-22
130,1000,E.3.05.99.99.000,2207.29,2016-02-24
130,1000,E.9.01.01.02.000,8500.80,2016-02-24
130,1000,E.9.01.02.01.000,343096.06,2016-02-24
130,1000,E.9.01.03.01.000,1991.34,2016-02-24
130,1000,E.9.02.99.99.000,13606.50,2016-02-24
130,1000,E.9.01.01.02.000,3402.52,2016-02-25
130,1000,E.9.01.03.01.000,2682.00,2016-02-25
130,1000,E.3.05.99.99.000,536.61,2016-03-01
130,1000,E.9.02.99.99.000,11300.00,2016-03-01
130,1000,E.9.01.01.02.000,396.00,2016-03-03
130,1000,E.9.01.03.01.000,450.00,2016-03-03
130,1000,E.2.01.01.04.000,7538932.00,2016-03-07
130,1000,E.3.05.99.99.000,2875.03,2016-03-07
130,1000,E.9.01.01.02.000,1530.81,2016-03-07
130,1000,E.3.05.99.99.000,394.60,2016-03-08
130,1000,E.9.01.01.02.000,6604.56,2016-03-10
130,1000,E.9.01.01.02.000,420.95,2016-03-11
130,1000,E.9.01.01.02.000,562.67,2016-03-17
130,1000,E.3.05.99.99.000,123.55,2016-03-18
130,1000,E.9.01.01.02.000,3695.01,2016-03-18
130,1000,E.9.01.02.01.000,457205.38,2016-03-18
130,1000,E.9.01.02.02.000,181673.00,2016-03-18
130,1000,E.9.01.02.99.000,25880.23,2016-03-18
130,1000,E.9.01.03.01.000,1591.67,2016-03-18
130,1000,E.3.05.99.99.000,166.36,2016-03-21
130,1000,E.9.01.99.99.000,59628.80,2016-03-21
130,1000,E.2.01.01.03.000,119.18,2016-03-24
130,1000,E.3.05.99.99.000,116.12,2016-03-24
130,1000,E.9.01.02.01.000,353953.70,2016-03-24
130,1000,E.9.02.99.99.000,13560.55,2016-03-24
130,1000,E.9.01.01.02.000,1441.68,2016-03-30
130,1000,E.9.01.03.01.000,208.00,2016-04-01
130,1000,E.9.01.01.02.000,1360.86,2016-04-04
130,1000,E.9.01.01.99.000,52.26,2016-04-04
130,1000,E.9.01.01.02.000,831.60,2016-04-05
130,1000,E.9.01.03.01.000,1575.45,2016-04-05
130,1000,E.9.01.01.02.000,660.00,2016-04-07
130,1000,E.9.01.01.99.000,15.00,2016-04-07
130,1000,E.9.01.01.02.000,4459.18,2016-04-08
130,1000,E.9.01.01.99.000,37.99,2016-04-08
130,1000,E.9.01.01.02.000,7632.31,2016-04-12
130,1000,E.9.01.01.99.000,133.08,2016-04-12
130,1000,E.3.01.03.01.000,6499.80,2016-04-13
130,1000,E.3.05.99.99.000,294.80,2016-04-13
130,1000,E.9.01.03.01.000,3581.76,2016-04-15
130,1000,E.3.03.03.04.000,273.38,2016-04-18
130,1000,E.3.05.99.99.000,116.12,2016-04-18
130,1000,E.9.01.01.02.000,4511.17,2016-04-18
130,1000,E.9.01.01.99.000,291.64,2016-04-18
130,1000,E.9.01.03.01.000,1000.00,2016-04-18
130,1000,E.3.03.03.04.000,150.29,2016-04-19
130,1000,E.3.05.99.99.000,10.98,2016-04-20
130,1000,E.9.01.02.01.000,472963.34,2016-04-20
130,1000,E.9.01.02.02.000,166563.17,2016-04-20
130,1000,E.9.01.02.99.000,26020.43,2016-04-20
130,1000,E.3.05.02.03.000,753.79,2016-04-21
130,1000,E.3.05.99.99.000,1294.84,2016-04-21
130,1000,E.9.01.01.99.000,23.64,2016-04-21
130,1000,E.9.01.02.01.000,352915.18,2016-04-21
130,1000,E.9.01.03.01.000,1720.00,2016-04-21
130,1000,E.9.02.99.99.000,13630.85,2016-04-21
130,1000,E.9.01.01.02.000,1340.15,2016-04-22
130,1000,E.9.01.01.02.000,1340.15,2016-04-26
130,1000,E.3.03.03.04.000,0.79,2016-04-28
130,1000,E.9.01.01.02.000,2773.98,2016-04-28
130,1000,E.9.01.01.99.000,84.38,2016-04-28
130,1000,E.9.01.03.01.000,241.67,2016-04-28
130,1000,E.9.01.99.03.000,33686.50,2016-04-28
130,1000,E.9.01.01.02.000,739.20,2016-05-02
130,1000,E.9.01.01.02.000,1496.93,2016-05-04
130,1000,E.9.01.01.99.000,33.69,2016-05-04
130,1000,E.9.01.03.01.000,1508.00,2016-05-04
130,1000,E.3.05.02.03.000,2542.79,2016-05-06
130,1000,E.9.01.01.02.000,9208.77,2016-05-06
130,1000,E.9.01.01.99.000,209.31,2016-05-06
130,1000,E.2.01.02.01.000,2731.73,2016-05-09
130,1000,E.9.01.01.02.000,284.19,2016-05-09
130,1000,E.9.01.01.02.000,674.40,2016-05-11
130,1000,E.3.05.02.03.000,80.82,2016-05-12
130,1000,E.9.01.01.02.000,4480.80,2016-05-12
130,1000,E.9.01.01.99.000,255.92,2016-05-12
130,1000,E.9.01.03.01.000,241.67,2016-05-12
130,1000,E.9.01.01.02.000,3982.00,2016-05-13
130,1000,E.9.01.01.99.000,56.34,2016-05-13
130,1000,E.9.01.03.01.000,4357.20,2016-05-18
130,1000,E.3.05.99.99.000,25.62,2016-05-19
130,1000,E.9.01.02.01.000,295145.22,2016-05-19
130,1000,E.9.01.02.02.000,141649.75,2016-05-19
130,1000,E.9.01.02.99.000,22208.61,2016-05-19
130,1000,E.9.01.03.01.000,208.00,2016-05-19
130,1000,E.9.02.99.99.000,5225.00,2016-05-19
130,1000,E.9.01.01.02.000,1942.27,2016-05-23
130,1000,E.9.01.01.99.000,119.37,2016-05-23
130,1000,E.3.05.02.03.000,353.08,2016-05-24
130,1000,E.3.05.99.99.000,2034.22,2016-05-24
130,1000,E.9.01.02.01.000,671365.52,2016-05-24
130,1000,E.9.01.02.02.000,145066.41,2016-05-24
130,1000,E.9.01.02.99.000,24509.29,2016-05-24
130,1000,E.9.02.99.99.000,13681.86,2016-05-24
130,1000,E.2.01.01.01.000,138544.10,2016-05-25
130,1000,E.2.01.01.03.000,1165.92,2016-05-25
130,1000,E.3.05.02.01.000,90996.55,2016-05-25
130,1000,E.3.05.99.99.000,597.47,2016-05-25
130,1000,E.9.01.99.03.000,1084.00,2016-05-26
130,1000,E.3.05.99.99.000,66.67,2016-05-27
130,1000,E.9.01.01.02.000,796.09,2016-05-27
130,1000,E.9.01.01.99.000,13.43,2016-05-27
130,1000,E.9.01.01.02.000,10828.78,2016-05-30
130,1000,E.9.01.01.99.000,245.84,2016-05-30
130,1000,E.9.01.01.02.000,1680.09,2016-05-31
130,1000,E.9.01.01.02.000,907.01,2016-06-01
130,1000,E.9.01.01.99.000,9.33,2016-06-01
130,1000,E.9.01.03.01.000,1350.00,2016-06-01
130,1000,E.9.01.01.99.000,7.60,2016-06-06
130,1000,E.9.02.99.99.000,236.93,2016-06-06
130,1000,E.3.05.99.99.000,140.85,2016-06-07
130,1000,E.9.01.02.01.000,238071.96,2016-06-07
130,1000,E.9.01.02.02.000,123943.36,2016-06-07
130,1000,E.9.01.02.99.000,24870.07,2016-06-07
130,1000,E.9.02.99.99.000,62.01,2016-06-07
130,1000,E.2.01.01.04.000,14400000.00,2016-06-08
130,1000,E.9.01.01.02.000,1158.81,2016-06-08
130,1000,E.9.01.01.99.000,26.34,2016-06-08
130,1000,E.9.02.99.99.000,51.47,2016-06-08
130,1000,E.9.01.01.02.000,4434.12,2016-06-09
130,1000,E.9.01.01.99.000,267.54,2016-06-09
130,1000,E.9.02.99.99.000,57.13,2016-06-09
130,1000,E.2.01.01.04.000,600000.00,2016-06-10
130,1000,E.9.01.01.02.000,1165.41,2016-06-10
130,1000,E.9.01.01.02.000,1081.30,2016-06-13
130,1000,E.9.01.01.99.000,24.58,2016-06-13
130,1000,E.9.01.01.02.000,2983.20,2016-06-14
130,1000,E.9.01.01.99.000,67.80,2016-06-14
130,1000,E.9.02.99.99.000,186.05,2016-06-14
130,1000,E.9.01.03.01.000,241.67,2016-06-15
130,1000,E.9.02.99.99.000,66.57,2016-06-16
130,1000,E.9.01.01.02.000,185.08,2016-06-17
130,1000,E.9.01.01.99.000,4.21,2016-06-17
130,1000,E.9.01.03.01.000,208.00,2016-06-17
130,1000,E.9.01.99.03.000,4916.00,2016-06-17
130,1000,E.9.01.01.02.000,440.00,2016-06-20
130,1000,E.9.01.01.02.000,45890.31,2016-06-21
130,1000,E.9.01.01.99.000,1691.01,2016-06-21
130,1000,E.3.05.99.99.000,21.96,2016-06-22
130,1000,E.9.01.02.01.000,350598.68,2016-06-22
130,1000,E.9.01.02.02.000,150193.10,2016-06-22
130,1000,E.9.01.02.99.000,27960.62,2016-06-22
130,1000,E.9.02.99.99.000,16.94,2016-06-22
130,1000,E.3.05.02.03.000,296.64,2016-06-23
130,1000,E.9.01.01.02.000,1056.99,2016-06-23
130,1000,E.9.01.01.99.000,24.02,2016-06-23
130,1000,E.9.01.02.01.000,357225.27,2016-06-23
130,1000,E.9.02.99.99.000,12119.42,2016-06-23
130,1000,E.9.02.99.99.000,1581.73,2016-06-24
130,1000,E.9.01.01.02.000,1397.48,2016-06-27
130,1000,E.9.01.01.99.000,39.94,2016-06-27
130,1000,E.9.01.01.02.000,2180.62,2016-06-28
130,1000,E.9.01.01.99.000,46.33,2016-06-28
130,1000,E.9.02.99.99.000,723.06,2016-06-28
130,1000,E.2.01.02.01.000,172106.12,2016-06-29
130,1000,E.9.02.04.01.000,899.20,2016-06-29
130,1000,E.9.02.99.99.000,392.20,2016-06-29
130,1000,E.9.01.01.02.000,477.14,2016-06-30
130,1000,E.2.01.02.01.000,12485.41,2016-07-05
130,1000,E.9.01.01.02.000,1517.67,2016-07-05
130,1000,E.9.01.01.99.000,189.71,2016-07-05
130,1000,E.9.01.03.01.000,780.00,2016-07-05
130,1000,E.9.02.99.99.000,34.63,2016-07-05
130,1000,E.3.05.02.03.000,19.06,2016-07-07
130,1000,E.9.01.01.02.000,908.98,2016-07-07
130,1000,E.9.01.01.99.000,13.55,2016-07-07
130,1000,E.9.01.02.02.000,8149.32,2016-07-07
130,1000,E.9.02.99.99.000,16.47,2016-07-07
130,1000,E.2.01.02.01.000,6379.78,2016-07-11
130,1000,E.3.01.03.01.000,6499.80,2016-07-11
130,1000,E.9.01.01.02.000,409.20,2016-07-11
130,1000,E.9.01.01.99.000,9.30,2016-07-11
130,1000,E.9.01.03.01.000,1575.45,2016-07-11
130,1000,E.9.02.99.99.000,17.08,2016-07-13
130,1000,E.9.01.01.02.000,1853.77,2016-07-14
130,1000,E.9.01.01.99.000,42.13,2016-07-14
130,1000,E.9.01.03.01.000,449.67,2016-07-14
130,1000,E.9.01.99.03.000,65353.02,2016-07-15
130,1000,E.9.01.99.99.000,34185.01,2016-07-18
130,1000,E.3.05.99.99.000,500.00,2016-07-19
130,1000,E.2.01.01.01.000,138544.10,2016-07-20
130,1000,E.3.05.99.99.000,21.96,2016-07-21
130,1000,E.9.01.02.01.000,268188.83,2016-07-21
130,1000,E.9.01.02.02.000,121869.35,2016-07-21
130,1000,E.9.01.02.99.000,26322.24,2016-07-21
130,1000,E.3.05.99.99.000,2577.12,2016-07-25
130,1000,E.9.01.01.02.000,1092.78,2016-07-25
130,1000,E.9.01.01.99.000,82.71,2016-07-25
130,1000,E.9.01.02.01.000,362634.70,2016-07-25
130,1000,E.9.01.03.01.000,1170.00,2016-07-25
130,1000,E.9.02.99.99.000,9034.39,2016-07-25
130,1000,E.3.05.99.99.000,269.48,2016-07-26
130,1000,E.9.01.01.02.000,2618.41,2016-07-26
130,1000,E.9.01.01.99.000,44.90,2016-07-26
130,1000,E.9.01.03.01.000,9351.22,2016-07-26
130,1000,E.9.02.99.99.000,7118.21,2016-07-26
130,1000,E.9.01.01.99.000,7.90,2016-07-27
130,1000,E.3.05.02.03.000,28.10,2016-07-28
130,1000,E.9.01.01.99.000,6.17,2016-07-28
130,1000,E.3.03.03.04.000,174.09,2016-07-29
130,1000,E.9.01.01.02.000,12752.12,2016-07-29
130,1000,E.9.01.01.99.000,255.34,2016-07-29
130,1000,E.9.01.01.02.000,512.82,2016-08-01
130,1000,E.9.01.01.99.000,64.10,2016-08-01
130,1000,E.9.02.99.99.000,130532.00,2016-08-01
130,1000,E.9.01.01.02.000,1056.00,2016-08-03
130,1000,E.9.01.01.99.000,24.00,2016-08-03
130,1000,E.2.01.02.01.000,2584.80,2016-08-04
130,1000,E.3.03.03.04.000,0.71,2016-08-04
130,1000,E.9.01.01.02.000,108910.76,2016-08-04
130,1000,E.9.01.01.99.000,2632.62,2016-08-04
130,1000,E.9.01.01.02.000,176.66,2016-08-08
130,1000,E.3.05.99.99.000,36.60,2016-08-09
130,1000,E.9.01.01.02.000,764.34,2016-08-09
130,1000,E.9.01.01.99.000,13.00,2016-08-09
130,1000,E.9.01.02.01.000,255591.82,2016-08-09
130,1000,E.9.01.02.02.000,122693.54,2016-08-09
130,1000,E.9.01.02.99.000,24063.21,2016-08-09
130,1000,E.9.01.03.01.000,1347.84,2016-08-09
130,1000,E.9.01.99.03.000,71.70,2016-08-09
130,1000,E.9.02.99.99.000,2853.74,2016-08-09
130,1000,E.9.01.01.02.000,5742.22,2016-08-10
130,1000,E.9.01.01.99.000,91.43,2016-08-10
130,1000,E.9.01.02.01.000,358540.39,2016-08-10
130,1000,E.9.02.99.99.000,12706.38,2016-08-10
130,1000,E.3.05.99.99.000,403.25,2016-08-11
130,1000,E.9.01.01.02.000,2777.07,2016-08-11
130,1000,E.9.01.01.99.000,208.90,2016-08-11
130,1000,E.9.01.03.01.000,1149.88,2016-08-11
130,1000,E.9.01.01.02.000,1099.20,2016-08-12
130,1000,E.9.01.01.99.000,24.98,2016-08-12
130,1000,E.2.01.02.01.000,1000.00,2016-08-22
130,1000,E.3.05.99.99.000,857.35,2016-08-22
130,1000,E.9.01.01.02.000,21795.84,2016-08-22
130,1000,E.9.01.01.99.000,604.34,2016-08-22
130,1000,E.9.01.01.02.000,358.38,2016-08-23
130,1000,E.9.01.01.99.000,8.15,2016-08-23
130,1000,E.9.02.99.99.000,42124.00,2016-08-24
130,1000,E.3.05.99.99.000,235.95,2016-08-29
130,1000,E.9.01.01.02.000,653.05,2016-08-31
130,1000,E.2.01.01.03.000,840.15,2016-09-02
130,1000,E.9.01.01.02.000,77.48,2016-09-05
130,1000,E.3.05.99.99.000,806.60,2016-09-06
130,1000,E.9.01.01.02.000,1158.00,2016-09-06
130,1000,E.9.01.01.99.000,75.23,2016-09-06
130,1000,E.9.02.04.01.000,660.00,2016-09-06
130,1000,E.9.01.01.02.000,597.37,2016-09-07
130,1000,E.3.05.99.99.000,4499.20,2016-09-08
130,1000,E.3.05.99.99.000,7.32,2016-09-09
130,1000,E.9.01.03.01.000,241.67,2016-09-12
130,1000,E.9.01.01.02.000,22.75,2016-09-14
130,1000,E.9.01.01.99.000,4.98,2016-09-14
130,1000,E.9.01.03.01.000,208.00,2016-09-14
130,1000,E.9.01.01.02.000,4013.40,2016-09-16
130,1000,E.9.01.01.99.000,152.75,2016-09-16
130,1000,E.9.01.02.01.000,252420.25,2016-09-16
130,1000,E.9.01.03.01.000,241.67,2016-09-16
130,1000,E.3.05.99.99.000,1819.76,2016-09-19
130,1000,E.9.01.01.99.000,11.86,2016-09-19
130,1000,E.9.01.02.02.000,8148.82,2016-09-19
130,1000,E.9.02.99.99.000,27801.21,2016-09-19
130,1000,E.9.01.01.02.000,132.00,2016-09-20
130,1000,E.9.01.01.99.000,3.00,2016-09-20
130,1000,E.3.05.99.99.000,36.60,2016-09-21
130,1000,E.9.01.02.01.000,245186.63,2016-09-21
130,1000,E.9.01.02.02.000,121566.66,2016-09-21
130,1000,E.9.01.02.99.000,23174.74,2016-09-21
130,1000,E.9.02.99.99.000,382.24,2016-09-21
130,1000,E.2.01.01.04.000,10000000.00,2016-09-23
130,1000,E.9.01.01.02.000,119.96,2016-09-23
130,1000,E.9.01.01.99.000,2.73,2016-09-23
130,1000,E.9.01.02.01.000,105634.01,2016-09-23
130,1000,E.9.02.99.99.000,4547.62,2016-09-23
130,1000,E.9.01.02.99.000,4267.54,2016-09-26
130,1000,E.9.01.03.01.000,1962.15,2016-09-26
130,1000,U.1.01.01.01.000,1052428.58,2016-06-07
130,1000,U.1.01.01.01.000,980895.03,2016-08-09
130,1000,U.1.01.01.01.000,60480.42,2016-08-10
130,1000,U.1.01.01.01.000,1662750.84,2016-03-18
130,1000,U.1.01.01.01.000,1466065.81,2016-04-20
130,1000,U.1.01.01.01.000,1248402.18,2016-05-20
130,1000,U.1.01.01.01.000,1035091.51,2016-07-21
130,1000,U.1.01.01.01.000,1029958.36,2016-09-21
130,1000,U.1.01.01.01.000,1322479.17,2016-06-22
130,1000,U.1.01.01.01.000,1250950.09,2016-05-24
130,1000,U.1.01.01.02.000,42677.31,2016-08-04
130,1000,U.1.01.01.02.000,39459.36,2016-07-05
130,1000,U.1.01.01.02.000,42481.85,2016-06-09
130,1000,U.1.01.01.02.000,37059.05,2016-08-11
130,1000,U.1.01.01.02.000,42122.15,2016-05-12
130,1000,U.1.01.01.02.000,14629.13,2016-03-17
130,1000,U.1.01.01.02.000,19749.34,2016-03-18
130,1000,U.1.01.01.02.000,34744.97,2016-04-18
130,1000,U.1.01.01.02.000,290000.00,2016-04-20
130,1000,U.1.01.01.02.000,78148.78,2016-06-22
130,1000,U.1.01.01.02.000,43482.97,2016-02-25
130,1000,U.1.01.01.02.000,44272.75,2016-01-28
130,1000,U.1.01.02.01.000,348567.89,2016-06-01
130,1000,U.1.01.02.01.000,315.09,2016-02-03
130,1000,U.1.01.02.01.000,294212.78,2016-09-05
130,1000,U.1.01.02.01.000,296768.74,2016-06-07
130,1000,U.1.01.02.01.000,363457.85,2016-07-07
130,1000,U.1.01.02.01.000,702479.06,2016-05-09
130,1000,U.1.01.02.01.000,442726.80,2016-04-12
130,1000,U.1.01.02.01.000,250.00,2016-01-13
130,1000,U.1.01.02.01.000,141.42,2016-07-15
130,1000,U.1.01.02.01.000,1782.71,2016-09-16
130,1000,U.1.01.02.01.000,344416.12,2016-05-20
130,1000,U.1.01.02.01.000,100.80,2016-04-21
130,1000,U.1.01.02.01.000,3969.35,2016-08-22
130,1000,U.1.01.02.01.000,302.40,2016-02-25
130,1000,U.1.01.02.01.000,366.00,2016-01-26
130,1000,U.1.01.02.01.000,291802.49,2016-07-28
130,1000,U.1.01.02.02.000,9795.24,2016-06-07
130,1000,U.1.01.02.02.000,9024.35,2016-08-09
130,1000,U.1.01.02.02.000,253.72,2016-02-15
130,1000,U.1.01.02.02.000,5229.91,2016-03-18
130,1000,U.1.01.02.02.000,11933.74,2016-04-20
130,1000,U.1.01.02.02.000,5335.85,2016-05-20
130,1000,U.1.01.02.02.000,1209.82,2016-07-21
130,1000,U.1.01.02.02.000,8352.93,2016-09-21
130,1000,U.1.01.02.02.000,4718.73,2016-06-22
130,1000,U.1.01.02.02.000,21602.60,2016-05-24
130,1000,U.1.02.01.01.000,215110.78,2016-06-01
130,1000,U.1.02.01.01.000,104197.74,2016-08-01
130,1000,U.1.02.01.01.000,105123.98,2016-07-04
130,1000,U.1.02.01.01.000,104818.86,2016-02-05
130,1000,U.1.02.01.01.000,93065.76,2016-09-05
130,1000,U.1.02.01.01.000,91084.80,2016-06-07
130,1000,U.1.02.01.01.000,121343.79,2016-07-07
130,1000,U.1.02.01.01.000,145437.20,2016-05-09
130,1000,U.1.02.01.01.000,104687.27,2016-04-11
130,1000,U.1.02.01.01.000,141273.24,2016-04-12
130,1000,U.1.02.01.01.000,104305.59,2016-03-16
130,1000,U.1.02.01.01.000,425.00,2016-04-18
130,1000,U.1.02.01.01.000,109732.75,2016-05-20
130,1000,U.1.02.01.01.000,104436.02,2016-04-22
130,1000,U.1.02.01.01.000,103532.44,2016-08-24
130,1000,U.1.02.01.01.000,93055.87,2016-07-28
130,1000,U.1.03.01.01.000,2220.40,2016-04-04
130,1000,U.1.03.01.01.000,383.77,2016-05-04
130,1000,U.1.03.01.01.000,4548.48,2016-08-04
130,1000,U.1.03.01.01.000,1519.50,2016-06-06
130,1000,U.1.03.01.01.000,229.90,2016-04-07
130,1000,U.1.03.01.01.000,7597.40,2016-04-08
130,1000,U.1.03.01.01.000,706.45,2016-02-09
130,1000,U.1.03.01.01.000,181.78,2016-05-09
130,1000,U.1.03.01.01.000,5294.30,2016-08-09
130,1000,U.1.03.01.01.000,4724.10,2016-08-10
130,1000,U.1.03.01.01.000,149.99,2016-04-12
130,1000,U.1.03.01.01.000,594.00,2016-09-12
130,1000,U.1.03.01.01.000,1268.00,2016-05-13
130,1000,U.1.03.01.01.000,825.20,2016-07-14
130,1000,U.1.03.01.01.000,1151.60,2016-09-14
130,1000,U.1.03.01.01.000,1139.56,2016-02-15
130,1000,U.1.03.01.01.000,592.30,2016-04-15
130,1000,U.1.03.01.01.000,772.12,2016-07-15
130,1000,U.1.03.01.01.000,489.70,2016-09-16
130,1000,U.1.03.01.01.000,109.60,2016-03-17
130,1000,U.1.03.01.01.000,559.40,2016-03-18
130,1000,U.1.03.01.01.000,246.90,2016-05-18
130,1000,U.1.03.01.01.000,2371.20,2016-09-19
130,1000,U.1.03.01.01.000,218.00,2016-06-20
130,1000,U.1.03.01.01.000,4933.30,2016-04-21
130,1000,U.1.03.01.01.000,4674.09,2016-05-23
130,1000,U.1.03.01.01.000,1334.97,2016-02-24
130,1000,U.1.03.01.01.000,4294.20,2016-01-25
130,1000,U.1.03.01.01.000,864.30,2016-02-25
130,1000,U.1.03.01.01.000,223.49,2016-07-25
130,1000,U.1.03.01.01.000,591.30,2016-02-26
130,1000,U.1.03.01.01.000,549.80,2016-05-27
130,1000,U.1.03.01.01.000,6028.22,2016-06-27
130,1000,U.1.03.01.01.000,1581.60,2016-07-27
130,1000,U.1.03.01.01.000,7270.90,2016-04-28
130,1000,U.1.03.01.01.000,570.70,2016-06-28
130,1000,U.1.03.01.01.000,1234.50,2016-07-28
130,1000,U.1.03.01.01.000,307.73,2016-01-29
130,1000,U.1.03.01.01.000,1407.20,2016-03-30
130,1000,U.1.03.01.02.000,2753.78,2016-06-01
130,1000,U.1.03.01.02.000,2109.99,2016-05-04
130,1000,U.1.03.01.02.000,378.04,2016-07-07
130,1000,U.1.03.01.02.000,1424.14,2016-06-08
130,1000,U.1.03.01.02.000,994.95,2016-02-09
130,1000,U.1.03.01.02.000,6836.07,2016-06-09
130,1000,U.1.03.01.02.000,4281.88,2016-03-10
130,1000,U.1.03.01.02.000,5610.17,2016-05-11
130,1000,U.1.03.01.02.000,601.70,2016-08-11
130,1000,U.1.03.01.02.000,9820.40,2016-04-12
130,1000,U.1.03.01.02.000,2210.03,2016-01-13
130,1000,U.1.03.01.02.000,2296.32,2016-07-14
130,1000,U.1.03.01.02.000,126.17,2016-09-14
130,1000,U.1.03.01.02.000,4724.36,2016-07-15
130,1000,U.1.03.01.02.000,990.21,2016-09-16
130,1000,U.1.03.01.02.000,1026.34,2016-06-17
130,1000,U.1.03.01.02.000,328.23,2016-03-18
130,1000,U.1.03.01.02.000,4018.68,2016-01-19
130,1000,U.1.03.01.02.000,346.71,2016-01-20
130,1000,U.1.03.01.02.000,598.18,2016-06-23
130,1000,U.1.03.01.02.000,1987.38,2016-08-23
130,1000,U.1.03.01.02.000,665.24,2016-09-23
130,1000,U.1.03.01.02.000,640.53,2016-01-26
130,1000,U.1.03.01.02.000,1001.35,2016-05-27
130,1000,U.1.03.01.02.000,5358.24,2016-06-27
130,1000,U.1.03.01.02.000,5346.42,2016-04-28
130,1000,U.1.03.01.02.000,3014.20,2016-01-29
130,1000,U.1.03.02.01.000,5248.16,2016-02-02
130,1000,U.1.03.02.01.000,1016526.78,2016-08-11
130,1000,U.1.03.02.01.000,1008830.10,2016-09-19
130,1000,U.1.03.02.01.000,1013553.47,2016-04-21
130,1000,U.1.03.02.01.000,26255.88,2016-01-22
130,1000,U.1.03.02.01.000,25790.88,2016-02-22
130,1000,U.1.03.02.01.000,989682.55,2016-02-24
130,1000,U.1.03.02.01.000,1016393.28,2016-03-24
130,1000,U.1.03.02.01.000,1026287.52,2016-06-24
130,1000,U.1.03.02.01.000,996800.10,2016-01-25
130,1000,U.1.03.02.01.000,1032115.68,2016-05-25
130,1000,U.1.03.02.01.000,1029837.18,2016-07-26
130,1000,U.1.03.02.01.000,25970.88,2016-09-26
130,1000,U.1.03.02.01.000,44.21,2016-04-28
130,1000,U.1.03.02.01.000,101.00,2016-01-29
130,1000,U.1.03.02.02.000,5784.85,2016-02-03
130,1000,U.1.03.02.02.000,34000.00,2016-04-04
130,1000,U.1.03.02.02.000,6571.07,2016-09-07
130,1000,U.1.03.02.02.000,488.00,2016-02-09
130,1000,U.1.03.02.02.000,165.00,2016-06-09
130,1000,U.1.03.02.02.000,71.70,2016-08-09
130,1000,U.1.03.02.02.000,528.00,2016-02-11
130,1000,U.1.03.02.02.000,2090.00,2016-03-11
130,1000,U.1.03.02.02.000,12200.00,2016-05-13
130,1000,U.1.03.02.02.000,539.00,2016-01-14
130,1000,U.1.03.02.02.000,8540.00,2016-06-14
130,1000,U.1.03.02.02.000,29471.22,2016-07-15
130,1000,U.1.03.02.02.000,4916.00,2016-06-17
130,1000,U.1.03.02.02.000,911.25,2016-01-19
130,1000,U.1.03.02.02.000,2318.00,2016-01-20
130,1000,U.1.03.02.02.000,2440.00,2016-06-20
130,1000,U.1.03.02.02.000,7800.00,2016-05-23
130,1000,U.1.03.02.02.000,10000.00,2016-05-24
130,1000,U.1.03.02.02.000,13839.13,2016-04-28
130,1000,U.1.03.02.02.000,1563.10,2016-06-28
130,1000,U.1.03.02.02.000,7729.08,2016-01-29
130,1000,U.1.03.02.02.000,6100.00,2016-07-29
130,1000,U.1.03.02.04.000,500.00,2016-06-01
130,1000,U.1.03.02.04.000,2340.00,2016-03-03
130,1000,U.1.03.02.04.000,550.00,2016-07-05
130,1000,U.1.03.02.04.000,1700.00,2016-05-09
130,1000,U.1.03.02.04.000,800.00,2016-09-14
130,1000,U.1.03.02.04.000,122.95,2016-07-15
130,1000,U.1.03.02.04.000,1710.00,2016-06-21
130,1000,U.1.03.02.04.000,1900.00,2016-02-24
130,1000,U.1.03.02.04.000,1900.00,2016-01-25
130,1000,U.1.03.02.04.000,1442.00,2016-02-26
130,1000,U.1.03.02.04.000,130.00,2016-01-29
130,1000,U.1.03.02.05.000,13333.32,2016-08-01
130,1000,U.1.03.02.05.000,6552.80,2016-04-04
130,1000,U.1.03.02.05.000,5377.77,2016-05-04
130,1000,U.1.03.02.05.000,2600.00,2016-04-06
130,1000,U.1.03.02.05.000,2360.70,2016-05-06
130,1000,U.1.03.02.05.000,12443.02,2016-09-06
130,1000,U.1.03.02.05.000,13333.32,2016-02-09
130,1000,U.1.03.02.05.000,4824.34,2016-08-12
130,1000,U.1.03.02.05.000,3782.00,2016-07-14
130,1000,U.1.03.02.05.000,509.23,2016-07-15
130,1000,U.1.03.02.05.000,48274.39,2016-09-16
130,1000,U.1.03.02.05.000,17115.32,2016-04-18
130,1000,U.1.03.02.05.000,2600.00,2016-01-20
130,1000,U.1.03.02.05.000,8562.52,2016-01-21
130,1000,U.1.03.02.05.000,165092.41,2016-06-21
130,1000,U.1.03.02.05.000,9924.50,2016-04-22
130,1000,U.1.03.02.05.000,21238.92,2016-05-23
130,1000,U.1.03.02.05.000,5263.29,2016-06-23
130,1000,U.1.03.02.05.000,3952.80,2016-02-24
130,1000,U.1.03.02.05.000,3952.80,2016-01-25
130,1000,U.1.03.02.05.000,4733.11,2016-02-25
130,1000,U.1.03.02.05.000,19564.26,2016-07-25
130,1000,U.1.03.02.05.000,20985.56,2016-01-26
130,1000,U.1.03.02.05.000,9924.50,2016-04-26
130,1000,U.1.03.02.05.000,19090.10,2016-07-26
130,1000,U.1.03.02.05.000,1560.15,2016-04-28
130,1000,U.1.03.02.05.000,5769.37,2016-01-29
130,1000,U.1.03.02.05.000,2600.00,2016-05-30
130,1000,U.1.03.02.07.000,15480.18,2016-02-03
130,1000,U.1.03.02.07.000,2196.00,2016-03-03
130,1000,U.1.03.02.07.000,691.96,2016-04-04
130,1000,U.1.03.02.07.000,732.00,2016-05-04
130,1000,U.1.03.02.07.000,8113.12,2016-08-04
130,1000,U.1.03.02.07.000,14.57,2016-04-05
130,1000,U.1.03.02.07.000,6902.82,2016-05-06
130,1000,U.1.03.02.07.000,3769.80,2016-09-06
130,1000,U.1.03.02.07.000,63.50,2016-03-07
130,1000,U.1.03.02.07.000,3660.00,2016-04-07
130,1000,U.1.03.02.07.000,4714.08,2016-07-07
130,1000,U.1.03.02.07.000,5002.00,2016-06-08
130,1000,U.1.03.02.07.000,16665.13,2016-02-09
130,1000,U.1.03.02.07.000,15445.20,2016-06-09
130,1000,U.1.03.02.07.000,623.42,2016-03-10
130,1000,U.1.03.02.07.000,6462.73,2016-06-10
130,1000,U.1.03.02.07.000,2269.20,2016-07-11
130,1000,U.1.03.02.07.000,6894.28,2016-08-11
130,1000,U.1.03.02.07.000,32472.25,2016-04-12
130,1000,U.1.03.02.07.000,2087.40,2016-01-13
130,1000,U.1.03.02.07.000,5996.30,2016-06-13
130,1000,U.1.03.02.07.000,4201.68,2016-07-14
130,1000,U.1.03.02.07.000,2389.58,2016-07-15
130,1000,U.1.03.02.07.000,10980.00,2016-04-18
130,1000,U.1.03.02.07.000,67.25,2016-07-20
130,1000,U.1.03.02.07.000,732.00,2016-09-20
130,1000,U.1.03.02.07.000,190702.60,2016-06-21
130,1000,U.1.03.02.07.000,120867.85,2016-08-22
130,1000,U.1.03.02.07.000,29879.22,2016-02-24
130,1000,U.1.03.02.07.000,4967.94,2016-02-25
130,1000,U.1.03.02.07.000,10599.98,2016-01-26
130,1000,U.1.03.02.07.000,691.96,2016-06-27
130,1000,U.1.03.02.07.000,2145.50,2016-04-28
130,1000,U.1.03.02.07.000,347.70,2016-06-28
130,1000,U.1.03.02.07.000,1632.27,2016-01-29
130,1000,U.1.03.02.07.000,56201.97,2016-07-29
130,1000,U.1.03.02.07.000,3660.00,2016-03-30
130,1000,U.1.03.02.07.000,59514.12,2016-05-30
130,1000,U.1.03.02.09.000,50436.57,2016-08-04
130,1000,U.1.03.02.09.000,4611.60,2016-04-05
130,1000,U.1.03.02.09.000,1537.20,2016-05-09
130,1000,U.1.03.02.09.000,10068.66,2016-05-12
130,1000,U.1.03.02.09.000,16052.76,2016-01-13
130,1000,U.1.03.02.09.000,1873.71,2016-07-15
130,1000,U.1.03.02.09.000,10956.80,2016-01-19
130,1000,U.1.03.02.09.000,1756.80,2016-02-24
130,1000,U.1.03.02.09.000,1143.79,2016-01-25
130,1000,U.1.03.02.09.000,18524.06,2016-01-26
130,1000,U.1.03.02.09.000,13331.11,2016-04-28
130,1000,U.1.03.02.09.000,10956.80,2016-06-28
130,1000,U.1.03.02.09.000,173.28,2016-01-29
130,1000,U.1.03.02.10.000,3712.50,2016-08-04
130,1000,U.1.03.02.10.000,1250.00,2016-03-07
130,1000,U.1.03.02.10.000,26520.00,2016-07-07
130,1000,U.1.03.02.10.000,42500.00,2016-03-11
130,1000,U.1.03.02.10.000,48.95,2016-05-12
130,1000,U.1.03.02.10.000,5612.00,2016-01-13
130,1000,U.1.03.02.10.000,19681.04,2016-05-18
130,1000,U.1.03.02.10.000,25660.00,2016-02-24
130,1000,U.1.03.02.10.000,10162.49,2016-01-26
130,1000,U.1.03.02.10.000,13750.00,2016-02-26
130,1000,U.1.03.02.10.000,194.00,2016-01-29
130,1000,U.1.03.02.11.000,3868.80,2016-04-01
130,1000,U.1.03.02.11.000,9890.40,2016-06-01
130,1000,U.1.03.02.11.000,12044.78,2016-02-03
130,1000,U.1.03.02.11.000,9198.80,2016-05-04
130,1000,U.1.03.02.11.000,9994.65,2016-04-05
130,1000,U.1.03.02.11.000,4758.00,2016-07-05
130,1000,U.1.03.02.11.000,6115.20,2016-05-06
130,1000,U.1.03.02.11.000,8221.82,2016-08-09
130,1000,U.1.03.02.11.000,9994.65,2016-07-11
130,1000,U.1.03.02.11.000,1533.14,2016-05-12
130,1000,U.1.03.02.11.000,5459.14,2016-09-12
130,1000,U.1.03.02.11.000,7108.00,2016-01-13
130,1000,U.1.03.02.11.000,9882.00,2016-05-13
130,1000,U.1.03.02.11.000,8527.14,2016-07-14
130,1000,U.1.03.02.11.000,1268.80,2016-09-14
130,1000,U.1.03.02.11.000,28847.94,2016-04-15
130,1000,U.1.03.02.11.000,1533.14,2016-06-15
130,1000,U.1.03.02.11.000,8373.28,2016-07-15
130,1000,U.1.03.02.11.000,2859.14,2016-09-16
130,1000,U.1.03.02.11.000,2600.00,2016-05-17
130,1000,U.1.03.02.11.000,5194.80,2016-06-17
130,1000,U.1.03.02.11.000,14023.54,2016-03-18
130,1000,U.1.03.02.11.000,7422.48,2016-05-18
130,1000,U.1.03.02.11.000,5519.28,2016-01-19
130,1000,U.1.03.02.11.000,1268.80,2016-05-19
130,1000,U.1.03.02.11.000,12086.12,2016-04-21
130,1000,U.1.03.02.11.000,2600.00,2016-07-21
130,1000,U.1.03.02.11.000,15931.08,2016-02-24
130,1000,U.1.03.02.11.000,19312.22,2016-02-25
130,1000,U.1.03.02.11.000,7422.48,2016-07-25
130,1000,U.1.03.02.11.000,11243.52,2016-01-26
130,1000,U.1.03.02.11.000,7222.80,2016-02-26
130,1000,U.1.03.02.11.000,20808.32,2016-07-26
130,1000,U.1.03.02.11.000,8564.40,2016-09-26
130,1000,U.1.03.02.11.000,2754.00,2016-06-27
130,1000,U.1.03.02.11.000,6115.20,2016-07-27
130,1000,U.1.03.02.11.000,2675.06,2016-04-28
130,1000,U.1.03.02.11.000,2754.00,2016-07-29
130,1000,U.1.03.02.12.000,53988.50,2016-06-07
130,1000,U.1.03.02.12.000,50788.50,2016-08-09
130,1000,U.1.03.02.12.000,54488.50,2016-03-18
130,1000,U.1.03.02.12.000,5000.00,2016-04-18
130,1000,U.1.03.02.12.000,54488.50,2016-04-20
130,1000,U.1.03.02.12.000,51488.50,2016-05-20
130,1000,U.1.03.02.12.000,51988.50,2016-07-21
130,1000,U.1.03.02.12.000,52288.50,2016-09-21
130,1000,U.1.03.02.12.000,53288.50,2016-06-22
130,1000,U.1.03.02.12.000,53690.37,2016-05-24
130,1000,U.1.03.02.13.000,2276.01,2016-06-01
130,1000,U.1.03.02.13.000,178465.46,2016-02-03
130,1000,U.1.03.02.13.000,2347.27,2016-04-04
130,1000,U.1.03.02.13.000,536307.39,2016-08-04
130,1000,U.1.03.02.13.000,2701.41,2016-02-09
130,1000,U.1.03.02.13.000,3172.16,2016-08-09
130,1000,U.1.03.02.13.000,21769.00,2016-02-11
130,1000,U.1.03.02.13.000,20306.76,2016-05-12
130,1000,U.1.03.02.13.000,6331.80,2016-01-13
130,1000,U.1.03.02.13.000,4876.08,2016-07-15
130,1000,U.1.03.02.13.000,2276.01,2016-05-23
130,1000,U.1.03.02.13.000,10193.60,2016-02-24
130,1000,U.1.03.02.13.000,178769.13,2016-01-26
130,1000,U.1.03.02.13.000,27.98,2016-05-27
130,1000,U.1.03.02.13.000,1699.45,2016-06-27
130,1000,U.1.03.02.13.000,842.92,2016-04-28
130,1000,U.1.03.02.13.000,2330.90,2016-01-29
130,1000,U.1.03.02.16.000,24728.18,2016-04-08
130,1000,U.1.03.02.16.000,1280.70,2016-03-11
130,1000,U.1.03.02.16.000,1271.24,2016-08-12
130,1000,U.1.03.02.16.000,1706.66,2016-02-15
130,1000,U.1.03.02.16.000,1232.18,2016-07-15
130,1000,U.1.03.02.16.000,20000.00,2016-01-20
130,1000,U.1.03.02.16.000,3441.27,2016-05-27
130,1000,U.1.03.02.16.000,1552.12,2016-04-28
130,1000,U.1.03.02.16.000,4.00,2016-01-29
130,1000,U.1.03.02.16.000,20000.00,2016-06-29
130,1000,U.1.03.02.17.000,2636.05,2016-02-05
130,1000,U.1.03.02.17.000,201.60,2016-08-08
130,1000,U.1.03.02.17.000,1569.20,2016-04-27
130,1000,U.1.03.02.18.000,9998.00,2016-05-04
130,1000,U.1.03.02.18.000,10002.00,2016-01-13
130,1000,U.1.03.02.18.000,5332.89,2016-07-15
130,1000,U.1.03.02.18.000,4831.20,2016-01-25
130,1000,U.1.03.02.18.000,10102.80,2016-04-28
130,1000,U.1.03.02.18.000,575.58,2016-01-29
130,1000,U.1.03.02.19.000,5856.00,2016-08-03
130,1000,U.1.03.02.19.000,41803.30,2016-05-06
130,1000,U.1.03.02.19.000,31843.20,2016-08-10
130,1000,U.1.03.02.19.000,16543.20,2016-06-14
130,1000,U.1.03.02.99.000,81163.08,2016-01-13
130,1000,U.1.03.02.99.000,5534.00,2016-07-15
130,1000,U.1.03.02.99.000,20000.00,2016-05-19
130,1000,U.1.03.02.99.000,755.28,2016-04-28
130,1000,U.1.04.01.01.000,10000.00,2016-05-27
130,1000,U.1.04.01.01.000,2000.00,2016-06-28
130,1000,U.1.04.01.02.000,527.90,2016-02-03
130,1000,U.1.04.01.02.000,1000.00,2016-08-04
130,1000,U.1.04.01.02.000,1854.90,2016-08-08
130,1000,U.1.04.01.02.000,4279.20,2016-03-10
130,1000,U.1.04.01.02.000,300.00,2016-08-10
130,1000,U.1.04.01.02.000,5500.00,2016-02-11
130,1000,U.1.04.01.02.000,1200.00,2016-04-11
130,1000,U.1.04.01.02.000,8632.26,2016-01-12
130,1000,U.1.04.01.02.000,247.50,2016-05-12
130,1000,U.1.04.01.02.000,1000.00,2016-07-14
130,1000,U.1.04.01.02.000,2877.12,2016-06-15
130,1000,U.1.04.01.02.000,400.00,2016-03-18
130,1000,U.1.04.01.02.000,685.04,2016-01-19
130,1000,U.1.04.01.02.000,1754.80,2016-04-19
130,1000,U.1.04.01.02.000,800.00,2016-05-19
130,1000,U.1.04.01.02.000,7605.18,2016-01-20
130,1000,U.1.04.01.02.000,475.98,2016-02-24
130,1000,U.1.04.01.02.000,1603.40,2016-07-25
130,1000,U.1.04.01.02.000,4882.32,2016-02-26
130,1000,U.1.04.01.02.000,3500.00,2016-07-28
130,1000,U.1.04.01.02.000,583.47,2016-06-29
130,1000,U.1.04.01.02.000,300.00,2016-07-29
130,1000,U.1.04.01.04.000,600000.00,2016-06-10
130,1000,U.1.04.01.04.000,531519.65,2016-09-22
130,1000,U.1.04.01.04.000,1000.00,2016-08-24
130,1000,U.1.04.01.04.000,10400.00,2016-06-27
130,1000,U.1.04.01.04.000,190971.31,2016-07-27
130,1000,U.1.04.02.01.000,528764.88,2016-08-11
130,1000,U.1.04.02.01.000,2942.86,2016-03-18
130,1000,U.1.04.02.01.000,539541.73,2016-04-21
130,1000,U.1.04.02.01.000,539406.13,2016-02-24
130,1000,U.1.04.02.01.000,539541.73,2016-03-24
130,1000,U.1.04.02.01.000,539541.73,2016-06-24
130,1000,U.1.04.02.01.000,538424.33,2016-01-25
130,1000,U.1.04.02.01.000,539541.73,2016-05-25
130,1000,U.1.04.02.01.000,528764.88,2016-07-26
130,1000,U.1.04.02.01.000,535531.66,2016-09-26
130,1000,U.1.04.02.03.000,9084.05,2016-06-07
130,1000,U.1.04.02.03.000,30427.15,2016-08-09
130,1000,U.1.04.02.03.000,12038.57,2016-03-18
130,1000,U.1.04.02.03.000,20394.83,2016-04-20
130,1000,U.1.04.02.03.000,19138.24,2016-05-20
130,1000,U.1.04.02.03.000,31729.59,2016-07-21
130,1000,U.1.04.02.03.000,22910.13,2016-09-21
130,1000,U.1.04.02.03.000,30583.06,2016-06-22
130,1000,U.1.04.02.03.000,30502.24,2016-05-24
130,1000,U.1.04.04.01.000,166710.21,2016-07-01
130,1000,U.1.04.04.01.000,500.00,2016-03-02
130,1000,U.1.04.04.01.000,1618.30,2016-02-03
130,1000,U.1.04.04.01.000,1409.10,2016-08-04
130,1000,U.1.04.04.01.000,2100.00,2016-05-06
130,1000,U.1.04.04.01.000,2172.94,2016-03-09
130,1000,U.1.04.04.01.000,5407.54,2016-03-10
130,1000,U.1.04.04.01.000,8500.00,2016-08-10
130,1000,U.1.04.04.01.000,5022.34,2016-02-11
130,1000,U.1.04.04.01.000,400.00,2016-04-11
130,1000,U.1.04.04.01.000,4082.76,2016-05-11
130,1000,U.1.04.04.01.000,3700.00,2016-08-11
130,1000,U.1.04.04.01.000,20860.76,2016-01-12
130,1000,U.1.04.04.01.000,10588.50,2016-05-12
130,1000,U.1.04.04.01.000,2896.50,2016-08-12
130,1000,U.1.04.04.01.000,2604.50,2016-01-13
130,1000,U.1.04.04.01.000,9800.00,2016-07-14
130,1000,U.1.04.04.01.000,166710.21,2016-01-15
130,1000,U.1.04.04.01.000,2707.95,2016-06-15
130,1000,U.1.04.04.01.000,6026.43,2016-07-15
130,1000,U.1.04.04.01.000,7001.81,2016-03-18
130,1000,U.1.04.04.01.000,18700.00,2016-01-19
130,1000,U.1.04.04.01.000,7393.84,2016-04-19
130,1000,U.1.04.04.01.000,5128.14,2016-01-20
130,1000,U.1.04.04.01.000,9570.57,2016-05-23
130,1000,U.1.04.04.01.000,7013.62,2016-03-24
130,1000,U.1.04.04.01.000,1966.65,2016-01-25
130,1000,U.1.04.04.01.000,2296.79,2016-07-25
130,1000,U.1.04.04.01.000,8231.06,2016-02-26
130,1000,U.1.04.04.01.000,238.75,2016-07-28
130,1000,U.1.04.04.01.000,1502.60,2016-06-29
130,1000,U.1.04.04.01.000,4584.19,2016-05-31
130,1000,U.1.04.05.04.000,350.00,2016-01-26
130,1000,U.1.09.01.01.000,6332.85,2016-09-16
130,1000,U.1.09.01.01.000,12035.38,2016-08-22
130,1000,U.1.10.04.01.000,5632.76,2016-02-09
130,1000,U.1.10.04.01.000,2854.30,2016-08-23
130,1000,U.1.10.04.01.000,5738.63,2016-08-25
130,1000,U.1.10.04.01.000,5402.00,2016-04-28
130,1000,U.1.10.04.99.000,48265.58,2016-02-15
130,1000,U.2.02.01.07.000,31720.00,2016-03-10
130,1000,U.2.02.01.07.000,31720.00,2016-03-29
130,1000,U.7.01.01.02.000,21152.93,2016-08-02
130,1000,U.7.01.01.02.000,55886.87,2016-02-05
130,1000,U.7.01.01.02.000,24308.45,2016-05-05
130,1000,U.7.01.01.02.000,63357.47,2016-07-05
130,1000,U.7.01.01.02.000,2.87,2016-09-06
130,1000,U.7.01.01.02.000,13120.87,2016-04-08
130,1000,U.7.01.01.02.000,35367.33,2016-06-08
130,1000,U.7.01.01.02.000,176.66,2016-08-08
130,1000,U.7.01.01.02.000,143747.16,2016-09-08
130,1000,U.7.01.01.02.000,81.40,2016-01-11
130,1000,U.7.01.01.02.000,57981.33,2016-03-16
130,1000,U.7.01.01.99.999,8.65,2016-06-10
130,1000,U.7.01.01.99.999,81.00,2016-09-16
130,1000,U.7.01.01.99.999,9.68,2016-07-25
130,1000,U.7.01.02.01.000,660627.95,2016-06-01
130,1000,U.7.01.02.01.000,357225.27,2016-07-01
130,1000,U.7.01.02.01.000,362634.70,2016-08-01
130,1000,U.7.01.02.01.000,354318.35,2016-02-05
130,1000,U.7.01.02.01.000,131714.11,2016-09-05
130,1000,U.7.01.02.01.000,354630.57,2016-04-07
130,1000,U.7.01.02.01.000,218128.22,2016-06-07
130,1000,U.7.01.02.01.000,339537.86,2016-07-07
130,1000,U.7.01.02.01.000,462489.08,2016-05-09
130,1000,U.7.01.02.01.000,111656.00,2016-08-09
130,1000,U.7.01.02.01.000,446539.54,2016-04-12
130,1000,U.7.01.02.01.000,350576.86,2016-03-16
130,1000,U.7.01.02.01.000,272651.29,2016-05-20
130,1000,U.7.01.02.01.000,229152.00,2016-07-21
130,1000,U.7.01.02.01.000,14146.00,2016-09-21
130,1000,U.7.01.02.01.000,352915.18,2016-04-22
130,1000,U.7.01.02.01.000,358540.39,2016-08-24
130,1000,U.7.01.02.01.000,27742.81,2016-07-28
130,1000,U.7.01.02.02.000,145003.97,2016-06-01
130,1000,U.7.01.02.02.000,122634.68,2016-09-05
130,1000,U.7.01.02.02.000,123880.92,2016-06-07
130,1000,U.7.01.02.02.000,158279.98,2016-07-07
130,1000,U.7.01.02.02.000,166498.94,2016-05-09
130,1000,U.7.01.02.02.000,181608.77,2016-04-12
130,1000,U.7.01.02.02.000,745.79,2016-02-15
130,1000,U.7.01.02.02.000,141590.89,2016-05-20
130,1000,U.7.01.02.02.000,121808.70,2016-07-28
130,1000,U.7.01.02.99.000,13551.82,2016-06-01
130,1000,U.7.01.02.99.000,15121.84,2016-09-05
130,1000,U.7.01.02.99.000,34068.56,2016-06-07
130,1000,U.7.01.02.99.000,16025.20,2016-07-07
130,1000,U.7.01.02.99.000,14755.00,2016-05-09
130,1000,U.7.01.02.99.000,12370.42,2016-08-09
130,1000,U.7.01.02.99.000,14012.78,2016-04-12
130,1000,U.7.01.02.99.000,41504.07,2016-03-18
130,1000,U.7.01.02.99.000,10694.90,2016-04-20
130,1000,U.7.01.02.99.000,37384.01,2016-05-20
130,1000,U.7.01.02.99.000,14790.50,2016-06-21
130,1000,U.7.01.02.99.000,11329.99,2016-07-21
130,1000,U.7.01.02.99.000,12215.67,2016-09-21
130,1000,U.7.01.02.99.000,11281.46,2016-06-22
130,1000,U.7.01.02.99.000,23615.50,2016-06-23
130,1000,U.7.01.02.99.000,10958.21,2016-05-24
130,1000,U.7.01.02.99.000,4267.54,2016-09-26
130,1000,U.7.01.02.99.000,16529.40,2016-07-28
130,1000,U.7.01.02.99.000,44247.50,2016-03-30
130,1000,U.7.01.03.01.000,6477.75,2016-08-01
130,1000,U.7.01.03.01.000,7386.32,2016-08-02
130,1000,U.7.01.03.01.000,4508.00,2016-02-05
130,1000,U.7.01.03.01.000,8326.88,2016-05-05
130,1000,U.7.01.03.01.000,1799.67,2016-07-05
130,1000,U.7.01.03.01.000,2041.67,2016-04-07
130,1000,U.7.01.03.01.000,6314.87,2016-06-08
130,1000,U.7.01.03.01.000,1347.84,2016-09-09
130,1000,U.7.01.03.01.000,6248.79,2016-03-16
130,1000,U.7.01.03.01.000,612.15,2016-08-24
130,1000,U.7.01.99.03.000,75000.00,2016-07-05
130,1000,U.7.01.99.03.000,55.10,2016-09-08
130,1000,U.7.01.99.03.000,6000.00,2016-05-10
130,1000,U.7.01.99.03.000,247.05,2016-06-10
130,1000,U.7.01.99.03.000,75000.00,2016-01-11
130,1000,U.7.01.99.03.000,132.13,2016-07-18
130,1000,U.7.01.99.03.000,50.50,2016-08-22
130,1000,U.7.01.99.03.000,75000.00,2016-04-27
130,1000,U.7.01.99.03.000,71.70,2016-03-31
130,1000,U.7.01.99.99.000,98300.62,2016-05-20
130,1000,U.7.01.99.99.000,23242.71,2016-09-21
130,1000,U.7.02.04.01.000,449.60,2016-07-25
130,1000,U.7.02.99.99.000,665.52,2016-08-02
130,1000,U.7.02.99.99.000,2853.74,2016-08-09
130,1000,U.7.02.99.99.000,54830.38,2016-08-11
130,1000,U.7.02.99.99.000,5962.41,2016-02-12
130,1000,U.7.02.99.99.000,14016.09,2016-03-16
130,1000,U.7.02.99.99.000,490.00,2016-01-18
130,1000,U.7.02.99.99.000,52345.21,2016-09-19
130,1000,U.7.02.99.99.000,13630.85,2016-04-21
130,1000,U.7.02.99.99.000,382.24,2016-09-21
130,1000,U.7.02.99.99.000,24906.53,2016-02-24
130,1000,U.7.02.99.99.000,10821.87,2016-06-24
130,1000,U.7.02.99.99.000,4588.99,2016-01-25
130,1000,U.7.02.99.99.000,13560.55,2016-03-25
130,1000,U.7.02.99.99.000,13681.86,2016-05-25
130,1000,U.7.02.99.99.000,1400.00,2016-01-26
130,1000,U.7.02.99.99.000,146503.14,2016-07-26
130,1000,U.7.02.99.99.000,4547.62,2016-09-26
130,1000,U.7.02.99.99.000,259.10,2016-01-29
