mandante,societa,conto,importo,data
130,1000,E.9.01.02.01.001,250109.79,2014-01-21
130,1000,E.9.01.02.02.001,128307.06,2014-01-21
130,1000,E.9.01.02.99.999,15730.32,2014-01-21
130,1000,U.1.01.01.01.002,485731.67,2014-01-21
130,1000,U.1.01.01.01.003,7350.58,2014-01-21
130,1000,U.1.01.01.01.006,21996.04,2014-01-21
130,1000,U.1.01.01.01.006,6285.87,2014-01-21
130,1000,U.1.01.01.01.006,260781.67,2014-01-21
130,1000,U.1.01.01.01.006,1463.21,2014-01-21
130,1000,U.1.01.01.01.008,50422.94,2014-01-21
130,1000,U.1.01.02.02.001,1357.21,2014-01-21
130,1000,U.1.01.01.01.002,44354.72,2014-01-22
130,1000,U.1.01.01.01.002,55623.55,2014-01-22
130,1000,U.1.01.01.01.002,2776.37,2014-01-22
130,1000,U.1.01.01.01.002,77359.11,2014-01-22
130,1000,U.1.01.01.01.003,4043.68,2014-01-22
130,1000,U.1.01.01.01.004,60.00,2014-01-22
130,1000,U.1.01.01.01.006,6938.90,2014-01-22
130,1000,U.1.01.01.01.006,744.60,2014-01-22
130,1000,U.1.01.01.01.006,13061.10,2014-01-22
130,1000,U.1.01.01.01.006,9511.76,2014-01-22
130,1000,U.1.01.02.02.001,3593.17,2014-01-22
130,1000,U.1.01.02.02.003,7623.70,2014-01-22
130,1000,U.1.03.02.02.001,13.60,2014-01-22
130,1000,U.1.03.02.12.003,57246.88,2014-01-22
130,1000,U.7.01.02.99.999,435.93,2014-01-22
130,1000,U.7.01.99.99.999,22642.98,2014-01-22
130,1000,U.1.01.02.01.999,80.78,2014-01-24
130,1000,U.1.03.02.10.001,2019.38,2014-01-24
130,1000,U.1.01.02.01.001,72035.81,2014-01-31
130,1000,U.1.01.02.01.001,1526.56,2014-01-31
130,1000,U.1.01.02.01.001,169878.43,2014-01-31
130,1000,U.1.01.02.01.003,18114.74,2014-01-31
130,1000,U.1.01.02.01.003,7104.69,2014-01-31
130,1000,U.1.01.02.01.003,176.55,2014-01-31
130,1000,U.7.01.02.02.001,90452.18,2014-01-31
130,1000,U.7.01.02.02.001,17636.32,2014-01-31
130,1000,U.7.01.02.02.001,3579.05,2014-01-31
130,1000,U.7.01.02.99.999,98.39,2014-01-31
130,1000,U.7.01.02.99.999,122.29,2014-01-31
130,1000,U.7.01.02.99.999,363.43,2014-01-31
130,1000,U.1.03.01.02.002,566.94,2014-02-03
130,1000,U.1.01.02.01.001,442.00,2014-02-04
130,1000,U.1.01.02.01.001,4680.00,2014-02-04
130,1000,U.1.01.02.01.001,103.00,2014-02-04
130,1000,U.1.01.02.01.001,9102.13,2014-02-04
130,1000,U.1.02.01.01.001,63208.16,2014-02-04
130,1000,U.1.02.01.01.001,545.20,2014-02-04
130,1000,U.1.02.01.01.001,34592.57,2014-02-04
130,1000,U.7.01.02.01.001,624.16,2014-02-04
130,1000,U.7.01.02.01.001,6820.29,2014-02-04
130,1000,U.7.01.02.01.001,224962.19,2014-02-04
130,1000,U.7.01.02.01.001,17703.15,2014-02-04
130,1000,U.7.01.02.02.001,4548.87,2014-02-04
130,1000,U.7.01.02.99.999,3027.60,2014-02-04
130,1000,U.1.01.02.01.999,80.78,2014-02-05
130,1000,U.1.03.02.10.001,2019.38,2014-02-05
130,1000,U.1.01.02.01.001,16400.21,2014-02-06
130,1000,U.1.01.02.01.001,8084.29,2014-02-06
130,1000,U.1.01.02.01.001,597.08,2014-02-06
130,1000,U.1.01.02.01.002,359.57,2014-02-06
130,1000,U.7.01.02.02.001,11722.23,2014-02-06
130,1000,U.7.01.02.02.001,298.81,2014-02-06
130,1000,U.7.01.02.99.999,594.89,2014-02-06
130,1000,U.7.01.02.99.999,145.00,2014-02-06
130,1000,U.7.01.02.99.999,10579.27,2014-02-06
130,1000,U.1.01.02.01.999,48.33,2014-02-11
130,1000,U.1.01.02.01.999,48.33,2014-02-14
130,1000,U.1.03.02.01.008,31027.93,2014-02-14
130,1000,U.1.03.02.01.008,15921.72,2014-02-19
130,1000,U.1.03.02.16.002,2389.10,2014-02-19
130,1000,U.1.01.01.02.002,534.46,2014-02-21
130,1000,U.1.01.01.02.002,34419.74,2014-02-21
130,1000,U.1.01.01.02.002,13158.25,2014-02-21
130,1000,U.1.03.02.07.008,1325.83,2014-02-21
130,1000,E.3.05.99.99.999,110.19,2014-02-24
130,1000,E.9.01.02.01.001,249731.51,2014-02-24
130,1000,E.9.01.02.02.001,127885.26,2014-02-24
130,1000,E.9.01.02.99.999,15133.71,2014-02-24
130,1000,U.1.01.01.01.002,44062.69,2014-02-24
130,1000,U.1.01.01.01.002,55623.55,2014-02-24
130,1000,U.1.01.01.01.002,483521.40,2014-02-24
130,1000,U.1.01.01.01.002,2776.37,2014-02-24
130,1000,U.1.01.01.01.002,77359.11,2014-02-24
130,1000,U.1.01.01.01.003,6241.62,2014-02-24
130,1000,U.1.01.01.01.003,3055.29,2014-02-24
130,1000,U.1.01.01.01.004,60.00,2014-02-24
130,1000,U.1.01.01.01.006,1463.21,2014-02-24
130,1000,U.1.01.01.01.006,6938.90,2014-02-24
130,1000,U.1.01.01.01.006,263989.12,2014-02-24
130,1000,U.1.01.01.01.006,24077.99,2014-02-24
130,1000,U.1.01.01.01.006,744.60,2014-02-24
130,1000,U.1.01.01.01.006,6285.87,2014-02-24
130,1000,U.1.01.01.01.006,9511.76,2014-02-24
130,1000,U.1.01.01.01.006,13061.10,2014-02-24
130,1000,U.1.01.01.01.008,49831.74,2014-02-24
130,1000,U.1.01.02.02.001,3566.01,2014-02-24
130,1000,U.1.01.02.02.001,1357.21,2014-02-24
130,1000,U.1.03.02.12.003,58980.50,2014-02-24
130,1000,U.7.01.02.99.999,435.93,2014-02-24
130,1000,U.1.01.02.01.001,169771.33,2014-02-28
130,1000,U.1.01.02.01.001,1515.97,2014-02-28
130,1000,U.1.01.02.01.001,73342.83,2014-02-28
130,1000,U.1.01.02.01.003,7339.26,2014-02-28
130,1000,U.1.01.02.01.003,176.55,2014-02-28
130,1000,U.1.01.02.01.003,18133.30,2014-02-28
130,1000,U.7.01.02.02.001,3585.07,2014-02-28
130,1000,U.7.01.02.02.001,17772.06,2014-02-28
130,1000,U.7.01.02.02.001,90557.83,2014-02-28
130,1000,U.7.01.02.99.999,122.29,2014-02-28
130,1000,U.7.01.02.99.999,98.39,2014-02-28
130,1000,U.7.01.02.99.999,34.27,2014-02-28
130,1000,U.1.03.02.07.001,7491.94,2014-03-03
130,1000,U.1.03.02.07.006,5856.00,2014-03-04
130,1000,U.1.01.02.01.001,9040.84,2014-03-10
130,1000,U.1.01.02.01.001,4735.00,2014-03-10
130,1000,U.1.01.02.01.001,954.00,2014-03-10
130,1000,U.1.01.02.01.001,884.17,2014-03-10
130,1000,U.1.01.02.01.001,6913.27,2014-03-10
130,1000,U.1.01.02.01.001,16057.39,2014-03-10
130,1000,U.1.01.02.01.001,102.00,2014-03-10
130,1000,U.1.01.02.01.002,353.81,2014-03-10
130,1000,U.1.02.01.01.001,541.42,2014-03-10
130,1000,U.1.02.01.01.001,33056.93,2014-03-10
130,1000,U.1.02.01.01.001,63276.34,2014-03-10
130,1000,U.7.01.02.01.001,6650.72,2014-03-10
130,1000,U.7.01.02.01.001,16408.99,2014-03-10
130,1000,U.7.01.02.01.001,1207.87,2014-03-10
130,1000,U.7.01.02.01.001,225463.93,2014-03-10
130,1000,U.7.01.02.02.001,4518.16,2014-03-10
130,1000,U.7.01.02.02.001,442.49,2014-03-10
130,1000,U.7.01.02.02.001,10938.30,2014-03-10
130,1000,U.7.01.02.99.999,10135.38,2014-03-10
130,1000,U.7.01.02.99.999,3369.44,2014-03-10
130,1000,U.7.01.02.99.999,573.01,2014-03-10
130,1000,U.1.01.01.02.002,11781.85,2014-03-11
130,1000,U.1.01.01.02.002,9362.89,2014-03-11
130,1000,U.1.01.01.02.002,25027.03,2014-03-11
130,1000,U.1.01.01.02.002,290.98,2014-03-11
130,1000,U.1.01.01.02.002,30452.71,2014-03-11
130,1000,U.1.01.01.02.002,445.38,2014-03-11
130,1000,U.1.03.01.02.002,1193.93,2014-03-11
130,1000,U.1.03.02.07.004,104793.16,2014-03-11
130,1000,E.9.02.99.99.999,203.42,2014-03-13
130,1000,U.1.01.02.01.999,48.33,2014-03-13
130,1000,U.1.01.02.01.999,80.78,2014-03-13
130,1000,U.1.03.02.01.008,15921.72,2014-03-13
130,1000,U.1.03.02.10.001,2019.38,2014-03-13
130,1000,U.1.03.02.10.001,13709.74,2014-03-13
130,1000,E.9.02.99.99.999,32.21,2014-03-14
130,1000,E.9.02.99.99.999,304.46,2014-03-14
130,1000,E.9.02.99.99.999,17.55,2014-03-14
130,1000,E.9.02.99.99.999,70.94,2014-03-14
130,1000,U.1.03.01.01.002,121.60,2014-03-20
130,1000,E.3.05.99.99.999,117.01,2014-03-21
130,1000,E.9.01.02.01.001,481213.25,2014-03-21
130,1000,E.9.01.02.02.001,188013.79,2014-03-21
130,1000,E.9.01.02.99.999,16561.06,2014-03-21
130,1000,E.9.02.99.99.999,17.08,2014-03-21
130,1000,E.9.02.99.99.999,17.55,2014-03-21
130,1000,U.1.01.01.01.002,2776.37,2014-03-21
130,1000,U.1.01.01.01.002,484928.83,2014-03-21
130,1000,U.1.01.01.01.002,54850.89,2014-03-21
130,1000,U.1.01.01.01.002,42293.93,2014-03-21
130,1000,U.1.01.01.01.002,77359.11,2014-03-21
130,1000,U.1.01.01.01.003,4684.83,2014-03-21
130,1000,U.1.01.01.01.003,6367.20,2014-03-21
130,1000,U.1.01.01.01.004,60.00,2014-03-21
130,1000,U.1.01.01.01.006,11233.63,2014-03-21
130,1000,U.1.01.01.01.006,260134.13,2014-03-21
130,1000,U.1.01.01.01.006,6285.87,2014-03-21
130,1000,U.1.01.01.01.006,9345.09,2014-03-21
130,1000,U.1.01.01.01.006,6078.14,2014-03-21
130,1000,U.1.01.01.01.006,24577.14,2014-03-21
130,1000,U.1.01.01.01.006,744.60,2014-03-21
130,1000,U.1.01.01.01.006,1463.21,2014-03-21
130,1000,U.1.01.01.01.008,49331.22,2014-03-21
130,1000,U.1.01.01.01.008,9541.20,2014-03-21
130,1000,U.1.01.02.02.001,2233.96,2014-03-21
130,1000,U.1.01.02.02.001,4559.79,2014-03-21
130,1000,U.1.03.02.12.003,64082.66,2014-03-21
130,1000,U.7.01.02.99.999,435.93,2014-03-21
130,1000,E.9.01.99.99.999,22642.98,2014-03-24
130,1000,U.1.01.02.01.001,321387.27,2014-03-25
130,1000,U.1.01.02.01.001,73073.35,2014-03-25
130,1000,U.1.01.02.01.001,3787.60,2014-03-25
130,1000,U.1.01.02.01.003,7299.33,2014-03-25
130,1000,U.1.01.02.01.003,176.55,2014-03-25
130,1000,U.1.01.02.01.003,18344.61,2014-03-25
130,1000,U.7.01.02.02.001,17774.86,2014-03-25
130,1000,U.7.01.02.02.001,147604.26,2014-03-25
130,1000,U.7.01.02.02.001,5851.66,2014-03-25
130,1000,U.7.01.02.99.999,122.29,2014-03-25
130,1000,U.7.01.02.99.999,98.39,2014-03-25
130,1000,U.7.01.02.99.999,34.27,2014-03-25
130,1000,U.1.03.01.02.002,1195.57,2014-03-27
130,1000,E.9.02.99.99.999,16.47,2014-04-07
130,1000,E.9.02.99.99.999,17.55,2014-04-07
130,1000,E.3.05.99.99.999,17.08,2014-04-08
130,1000,E.3.05.99.99.999,335.10,2014-04-08
130,1000,U.1.01.02.01.001,891.52,2014-04-08
130,1000,U.1.01.02.01.001,7624.80,2014-04-08
130,1000,U.1.01.02.01.001,16072.92,2014-04-08
130,1000,U.1.01.02.01.002,354.71,2014-04-08
130,1000,U.7.01.02.02.001,446.15,2014-04-08
130,1000,U.7.01.02.02.001,11350.20,2014-04-08
130,1000,U.7.01.02.99.999,1400.00,2014-04-08
130,1000,U.7.01.02.99.999,10134.38,2014-04-08
130,1000,U.7.01.02.99.999,603.06,2014-04-08
130,1000,U.1.01.02.01.001,9826.20,2014-04-09
130,1000,U.1.01.02.01.001,214.00,2014-04-09
130,1000,U.1.01.02.01.001,4775.00,2014-04-09
130,1000,U.1.01.02.01.001,620.00,2014-04-09
130,1000,U.1.02.01.01.001,1352.71,2014-04-09
130,1000,U.1.02.01.01.001,33728.64,2014-04-09
130,1000,U.1.02.01.01.001,114225.20,2014-04-09
130,1000,U.7.01.02.01.001,453931.66,2014-04-09
130,1000,U.7.01.02.01.001,999.14,2014-04-09
130,1000,U.7.01.02.01.001,9269.17,2014-04-09
130,1000,U.7.01.02.01.001,16372.57,2014-04-09
130,1000,U.7.01.02.01.001,640.71,2014-04-09
130,1000,U.7.01.02.02.001,4910.80,2014-04-09
130,1000,U.7.01.02.99.999,3369.44,2014-04-09
130,1000,U.1.03.02.01.008,15921.72,2014-04-10
130,1000,U.1.03.02.07.008,1325.83,2014-04-14
130,1000,U.1.03.02.16.999,1321.87,2014-04-14
130,1000,U.1.01.02.01.999,48.33,2014-04-15
130,1000,U.1.03.01.01.002,896.00,2014-04-16
130,1000,E.2.01.01.04.001,3700000.00,2014-04-17
130,1000,E.2.01.01.04.001,7200000.00,2014-04-17
130,1000,E.2.01.01.04.001,2100000.00,2014-04-17
130,1000,E.3.05.99.99.999,117.20,2014-04-17
130,1000,E.9.01.02.01.001,346567.43,2014-04-17
130,1000,E.9.01.02.02.001,132635.77,2014-04-17
130,1000,E.9.01.02.99.999,15466.80,2014-04-17
130,1000,U.1.01.01.01.002,2689.62,2014-04-17
130,1000,U.1.01.01.01.002,41240.72,2014-04-17
130,1000,U.1.01.01.01.002,55794.12,2014-04-17
130,1000,U.1.01.01.01.002,485760.10,2014-04-17
130,1000,U.1.01.01.01.002,76996.88,2014-04-17
130,1000,U.1.01.01.01.003,8219.48,2014-04-17
130,1000,U.1.01.01.01.003,2508.16,2014-04-17
130,1000,U.1.01.01.01.004,60.00,2014-04-17
130,1000,U.1.01.01.01.006,1463.21,2014-04-17
130,1000,U.1.01.01.01.006,744.60,2014-04-17
130,1000,U.1.01.01.01.006,6938.90,2014-04-17
130,1000,U.1.01.01.01.006,13061.10,2014-04-17
130,1000,U.1.01.01.01.006,24427.61,2014-04-17
130,1000,U.1.01.01.01.006,260950.29,2014-04-17
130,1000,U.1.01.01.01.006,6285.87,2014-04-17
130,1000,U.1.01.01.01.006,9511.76,2014-04-17
130,1000,U.1.01.01.01.008,49474.68,2014-04-17
130,1000,U.1.01.02.01.001,1519.23,2014-04-17
130,1000,U.1.01.02.01.001,168210.15,2014-04-17
130,1000,U.1.01.02.01.001,73148.61,2014-04-17
130,1000,U.1.01.02.01.003,18299.50,2014-04-17
130,1000,U.1.01.02.01.003,176.55,2014-04-17
130,1000,U.1.01.02.01.003,7302.15,2014-04-17
130,1000,U.1.01.02.02.001,6042.64,2014-04-17
130,1000,U.1.01.02.02.001,2151.38,2014-04-17
130,1000,U.1.03.02.07.006,9150.00,2014-04-17
130,1000,U.1.03.02.07.006,686.25,2014-04-17
130,1000,U.1.03.02.12.003,62213.88,2014-04-17
130,1000,U.7.01.02.02.001,3569.71,2014-04-17
130,1000,U.7.01.02.02.001,17851.06,2014-04-17
130,1000,U.7.01.02.02.001,94939.34,2014-04-17
130,1000,U.7.01.02.99.999,98.39,2014-04-17
130,1000,U.7.01.02.99.999,435.93,2014-04-17
130,1000,U.7.01.02.99.999,122.29,2014-04-17
130,1000,U.7.01.02.99.999,34.27,2014-04-17
130,1000,U.1.01.01.02.002,11562.72,2014-04-29
130,1000,U.1.01.01.02.002,302.86,2014-04-29
130,1000,U.1.01.01.02.002,29799.30,2014-04-29
130,1000,U.1.01.02.01.999,220.00,2014-04-30
130,1000,U.1.03.02.07.008,835.87,2014-05-07
130,1000,U.1.01.02.01.001,609.00,2014-05-08
130,1000,U.1.01.02.01.001,103.00,2014-05-08
130,1000,U.1.01.02.01.001,4784.00,2014-05-08
130,1000,U.1.01.02.01.001,9381.28,2014-05-08
130,1000,U.1.02.01.01.001,35042.02,2014-05-08
130,1000,U.1.02.01.01.001,666.79,2014-05-08
130,1000,U.1.02.01.01.001,84914.64,2014-05-08
130,1000,U.7.01.02.01.001,9219.98,2014-05-08
130,1000,U.7.01.02.01.001,320536.10,2014-05-08
130,1000,U.7.01.02.01.001,728.40,2014-05-08
130,1000,U.7.01.02.01.001,16082.95,2014-05-08
130,1000,U.7.01.02.02.001,4687.72,2014-05-08
130,1000,U.7.01.02.99.999,3369.44,2014-05-08
130,1000,U.1.01.02.01.999,80.78,2014-05-09
130,1000,U.1.01.02.01.999,210.00,2014-05-09
130,1000,U.1.03.02.10.001,6451.20,2014-05-09
130,1000,U.1.03.02.10.001,2019.38,2014-05-09
130,1000,U.1.01.02.01.999,50.00,2014-05-12
130,1000,U.1.03.01.02.002,1245.14,2014-05-12
130,1000,U.1.03.02.09.006,728.34,2014-05-12
130,1000,U.1.03.02.10.001,1536.00,2014-05-12
130,1000,U.1.01.02.01.001,972.54,2014-05-14
130,1000,U.1.01.02.01.001,15195.19,2014-05-14
130,1000,U.1.01.02.01.001,7836.76,2014-05-14
130,1000,U.1.01.02.01.002,325.77,2014-05-14
130,1000,U.1.03.02.01.008,15921.72,2014-05-14
130,1000,U.7.01.02.02.001,486.72,2014-05-14
130,1000,U.7.01.02.02.001,11025.93,2014-05-14
130,1000,U.7.01.02.99.999,564.61,2014-05-14
130,1000,U.7.01.02.99.999,10478.41,2014-05-14
130,1000,U.1.01.02.01.999,80.78,2014-05-19
130,1000,U.1.01.02.01.999,48.33,2014-05-19
130,1000,U.1.01.02.01.999,50.00,2014-05-19
130,1000,U.1.03.01.01.002,1168.32,2014-05-19
130,1000,U.1.03.02.10.001,1536.00,2014-05-19
130,1000,U.1.03.02.10.001,2019.38,2014-05-19
130,1000,E.3.05.99.99.999,118.76,2014-05-22
130,1000,E.9.01.02.01.001,445362.21,2014-05-22
130,1000,E.9.01.02.02.001,182919.80,2014-05-22
130,1000,E.9.01.02.99.999,13379.26,2014-05-22
130,1000,U.1.01.01.01.002,42919.31,2014-05-22
130,1000,U.1.01.01.01.002,77359.11,2014-05-22
130,1000,U.1.01.01.01.002,508289.77,2014-05-22
130,1000,U.1.01.01.01.002,43870.71,2014-05-22
130,1000,U.1.01.01.01.002,485371.99,2014-05-22
130,1000,U.1.01.01.01.003,2554.10,2014-05-22
130,1000,U.1.01.01.01.003,6591.54,2014-05-22
130,1000,U.1.01.01.01.004,60.00,2014-05-22
130,1000,U.1.01.01.01.006,13018.52,2014-05-22
130,1000,U.1.01.01.01.006,9511.76,2014-05-22
130,1000,U.1.01.01.01.006,24337.67,2014-05-22
130,1000,U.1.01.01.01.006,6285.87,2014-05-22
130,1000,U.1.01.01.01.006,9084.91,2014-05-22
130,1000,U.1.01.01.01.006,1463.21,2014-05-22
130,1000,U.1.01.01.01.006,250121.02,2014-05-22
130,1000,U.1.01.01.01.006,43572.90,2014-05-22
130,1000,U.1.01.01.01.008,46322.72,2014-05-22
130,1000,U.1.01.02.02.001,2195.79,2014-05-22
130,1000,U.1.01.02.02.001,3792.79,2014-05-22
130,1000,U.1.03.02.12.003,61298.26,2014-05-22
130,1000,U.7.01.02.99.999,13267.40,2014-05-22
130,1000,U.7.01.02.99.999,435.93,2014-05-22
130,1000,U.1.03.02.07.007,18971.00,2014-05-26
130,1000,U.1.01.02.01.001,70040.68,2014-06-03
130,1000,U.1.01.02.01.001,283592.82,2014-06-03
130,1000,U.1.01.02.01.001,1521.69,2014-06-03
130,1000,U.1.01.02.01.003,7048.97,2014-06-03
130,1000,U.1.01.02.01.003,18336.60,2014-06-03
130,1000,U.1.01.02.01.003,176.55,2014-06-03
130,1000,U.7.01.02.02.001,5221.81,2014-06-03
130,1000,U.7.01.02.02.001,137439.71,2014-06-03
130,1000,U.7.01.02.02.001,17662.73,2014-06-03
130,1000,U.7.01.02.99.999,34.27,2014-06-03
130,1000,U.7.01.02.99.999,122.29,2014-06-03
130,1000,U.7.01.02.99.999,98.39,2014-06-03
130,1000,U.1.01.01.02.002,12070.97,2014-06-04
130,1000,U.1.01.01.02.002,338.49,2014-06-04
130,1000,U.1.01.01.02.002,29961.45,2014-06-04
130,1000,U.1.03.01.02.001,2539.98,2014-06-04
130,1000,U.1.03.01.02.002,1210.28,2014-06-04
130,1000,U.1.03.02.05.003,11582.52,2014-06-04
130,1000,U.1.03.02.07.004,104793.16,2014-06-04
130,1000,U.1.01.02.01.001,9206.83,2014-06-11
130,1000,U.1.01.02.01.001,28604.57,2014-06-11
130,1000,U.1.01.02.01.001,7175.49,2014-06-11
130,1000,U.1.01.02.01.001,4554.00,2014-06-11
130,1000,U.1.01.02.01.001,972.54,2014-06-11
130,1000,U.1.01.02.01.001,1280.00,2014-06-11
130,1000,U.1.01.02.01.001,103.00,2014-06-11
130,1000,U.1.01.02.01.002,348.40,2014-06-11
130,1000,U.1.02.01.01.001,32165.10,2014-06-11
130,1000,U.1.02.01.01.001,543.46,2014-06-11
130,1000,U.1.02.01.01.001,108444.98,2014-06-11
130,1000,U.7.01.02.01.001,9377.97,2014-06-11
130,1000,U.7.01.02.01.001,405010.99,2014-06-11
130,1000,U.7.01.02.01.001,640.69,2014-06-11
130,1000,U.7.01.02.01.001,17065.16,2014-06-11
130,1000,U.7.01.02.02.001,17434.53,2014-06-11
130,1000,U.7.01.02.02.001,486.72,2014-06-11
130,1000,U.7.01.02.02.001,4601.17,2014-06-11
130,1000,U.7.01.02.99.999,580.11,2014-06-11
130,1000,U.7.01.02.99.999,3369.44,2014-06-11
130,1000,U.7.01.02.99.999,8375.74,2014-06-11
130,1000,U.1.03.02.16.002,2311.60,2014-06-12
130,1000,U.1.03.02.07.007,5490.00,2014-06-16
130,1000,U.1.03.02.10.001,10560.00,2014-06-16
130,1000,U.1.03.02.16.999,1299.30,2014-06-16
130,1000,U.1.01.02.01.999,50.00,2014-06-19
130,1000,U.1.03.02.10.001,1536.00,2014-06-19
130,1000,U.1.03.02.10.001,13826.76,2014-06-19
130,1000,E.3.05.99.99.999,112.56,2014-06-20
130,1000,E.9.01.02.01.001,253485.74,2014-06-20
130,1000,E.9.01.02.02.001,130246.35,2014-06-20
130,1000,E.9.01.02.99.999,15874.64,2014-06-20
130,1000,U.1.01.01.01.002,57729.01,2014-06-20
130,1000,U.1.01.01.01.002,481048.65,2014-06-20
130,1000,U.1.01.01.01.002,77359.11,2014-06-20
130,1000,U.1.01.01.01.002,55794.12,2014-06-20
130,1000,U.1.01.01.01.002,2776.37,2014-06-20
130,1000,U.1.01.01.01.003,1972.70,2014-06-20
130,1000,U.1.01.01.01.003,5014.83,2014-06-20
130,1000,U.1.01.01.01.004,60.00,2014-06-20
130,1000,U.1.01.01.01.006,6285.87,2014-06-20
130,1000,U.1.01.01.01.006,744.60,2014-06-20
130,1000,U.1.01.01.01.006,6938.90,2014-06-20
130,1000,U.1.01.01.01.006,268603.82,2014-06-20
130,1000,U.1.01.01.01.006,1463.21,2014-06-20
130,1000,U.1.01.01.01.006,13072.84,2014-06-20
130,1000,U.1.01.01.01.006,12954.46,2014-06-20
130,1000,U.1.01.01.01.006,24577.14,2014-06-20
130,1000,U.1.01.01.01.008,49107.94,2014-06-20
130,1000,U.1.01.02.02.001,1601.38,2014-06-20
130,1000,U.1.01.02.02.001,8872.87,2014-06-20
130,1000,U.1.03.02.12.003,61166.24,2014-06-20
130,1000,U.7.01.02.99.999,14899.70,2014-06-20
130,1000,U.7.01.02.99.999,435.93,2014-06-20
130,1000,U.1.03.01.02.001,1954.75,2014-06-24
130,1000,U.1.03.02.07.007,2871.36,2014-06-24
130,1000,U.1.01.02.01.001,157.81,2014-06-25
130,1000,U.1.01.02.01.999,80.78,2014-06-25
130,1000,U.1.01.02.01.999,48.33,2014-06-25
130,1000,U.1.03.02.10.001,2019.38,2014-06-25
130,1000,U.1.03.01.02.002,1109.80,2014-06-27
130,1000,U.1.03.02.07.001,6673.69,2014-06-27
130,1000,U.1.03.02.07.007,4000.01,2014-06-27
130,1000,U.1.01.02.01.001,1516.38,2014-06-30
130,1000,U.1.01.02.01.001,163047.41,2014-06-30
130,1000,U.1.01.02.01.001,72662.17,2014-06-30
130,1000,U.1.01.02.01.003,7292.24,2014-06-30
130,1000,U.1.01.02.01.003,176.55,2014-06-30
130,1000,U.1.01.02.01.003,18202.00,2014-06-30
130,1000,U.7.01.02.02.001,3489.37,2014-06-30
130,1000,U.7.01.02.02.001,89048.74,2014-06-30
130,1000,U.7.01.02.02.001,17716.49,2014-06-30
130,1000,U.7.01.02.99.999,168.45,2014-06-30
130,1000,U.7.01.02.99.999,34.27,2014-06-30
130,1000,U.7.01.02.99.999,122.29,2014-06-30
130,1000,U.1.01.01.02.002,31102.27,2014-07-01
130,1000,U.1.01.01.02.002,374.12,2014-07-01
130,1000,U.1.01.01.02.002,12662.99,2014-07-01
130,1000,U.1.03.02.07.008,835.87,2014-07-04
130,1000,E.2.01.01.04.001,10200000.00,2014-07-08
130,1000,E.2.01.01.04.001,7800000.00,2014-07-08
130,1000,U.1.02.01.01.001,85.00,2014-07-08
130,1000,U.1.01.02.01.001,103.00,2014-07-09
130,1000,U.1.01.02.01.001,972.54,2014-07-09
130,1000,U.1.01.02.01.001,743.00,2014-07-09
130,1000,U.1.01.02.01.001,4814.00,2014-07-09
130,1000,U.1.01.02.01.001,10356.16,2014-07-09
130,1000,U.1.01.02.01.001,9170.62,2014-07-09
130,1000,U.1.01.02.01.001,20264.96,2014-07-09
130,1000,U.1.01.02.01.002,470.27,2014-07-09
130,1000,U.1.02.01.01.001,35941.26,2014-07-09
130,1000,U.1.02.01.01.001,541.57,2014-07-09
130,1000,U.1.02.01.01.001,62756.50,2014-07-09
130,1000,U.7.01.02.01.001,9246.56,2014-07-09
130,1000,U.7.01.02.01.001,708.21,2014-07-09
130,1000,U.7.01.02.01.001,16301.89,2014-07-09
130,1000,U.7.01.02.01.001,212329.38,2014-07-09
130,1000,U.7.01.02.02.001,16931.89,2014-07-09
130,1000,U.7.01.02.02.001,4582.38,2014-07-09
130,1000,U.7.01.02.02.001,486.72,2014-07-09
130,1000,U.7.01.02.99.999,732.41,2014-07-09
130,1000,U.7.01.02.99.999,500.00,2014-07-09
130,1000,U.7.01.02.99.999,3369.44,2014-07-09
130,1000,U.7.01.02.99.999,1405.60,2014-07-09
130,1000,U.7.01.02.99.999,412.77,2014-07-09
130,1000,U.7.01.02.99.999,9161.85,2014-07-09
130,1000,E.3.05.99.99.999,152.76,2014-07-10
130,1000,E.9.02.99.99.999,16.94,2014-07-10
130,1000,E.9.02.99.99.999,34.16,2014-07-10
130,1000,E.9.02.99.99.999,52.65,2014-07-10
130,1000,U.1.01.02.01.999,48.33,2014-07-14
130,1000,U.1.03.02.10.001,1536.00,2014-07-14
130,1000,U.1.01.02.01.999,50.00,2014-07-15
130,1000,U.1.01.01.02.002,11228.54,2014-07-16
130,1000,U.1.01.01.02.002,296.92,2014-07-16
130,1000,U.1.01.01.02.002,27819.27,2014-07-16
130,1000,U.1.03.02.04.002,800.00,2014-07-16
130,1000,U.1.03.02.05.003,11582.52,2014-07-16
130,1000,U.1.03.02.07.004,628.09,2014-07-16
130,1000,U.1.03.02.07.008,1325.83,2014-07-16
130,1000,U.1.03.02.09.006,2185.02,2014-07-21
130,1000,U.1.03.02.16.002,1595.00,2014-07-21
130,1000,E.3.05.99.99.999,114.90,2014-07-22
130,1000,E.9.01.02.01.001,138218.30,2014-07-22
130,1000,E.9.01.02.02.001,161437.66,2014-07-22
130,1000,E.9.01.02.99.999,15339.92,2014-07-22
130,1000,U.1.01.01.01.002,44809.98,2014-07-22
130,1000,U.1.01.01.01.002,480989.62,2014-07-22
130,1000,U.1.01.01.01.002,55752.48,2014-07-22
130,1000,U.1.01.01.01.002,2776.37,2014-07-22
130,1000,U.1.01.01.01.002,77876.11,2014-07-22
130,1000,U.1.01.01.01.003,4604.36,2014-07-22
130,1000,U.1.01.01.01.003,1485.48,2014-07-22
130,1000,U.1.01.01.01.004,60.00,2014-07-22
130,1000,U.1.01.01.01.004,2218.83,2014-07-22
130,1000,U.1.01.01.01.004,46923.76,2014-07-22
130,1000,U.1.01.01.01.004,35884.29,2014-07-22
130,1000,U.1.01.01.01.004,340460.46,2014-07-22
130,1000,U.1.01.01.01.006,24577.14,2014-07-22
130,1000,U.1.01.01.01.006,13061.10,2014-07-22
130,1000,U.1.01.01.01.006,256114.81,2014-07-22
130,1000,U.1.01.01.01.006,744.60,2014-07-22
130,1000,U.1.01.01.01.006,6285.87,2014-07-22
130,1000,U.1.01.01.01.006,9931.79,2014-07-22
130,1000,U.1.01.01.01.006,6852.82,2014-07-22
130,1000,U.1.01.01.01.006,1463.21,2014-07-22
130,1000,U.1.01.01.01.008,48231.44,2014-07-22
130,1000,U.1.01.01.01.008,5295.57,2014-07-22
130,1000,U.1.01.01.01.008,1765.19,2014-07-22
130,1000,U.1.01.02.02.003,2620.18,2014-07-22
130,1000,U.1.03.02.12.003,58644.86,2014-07-22
130,1000,U.7.01.02.99.999,12014.13,2014-07-22
130,1000,U.7.01.02.99.999,435.93,2014-07-22
130,1000,U.1.01.02.01.999,150.00,2014-07-24
130,1000,U.1.03.02.10.001,4608.00,2014-07-24
130,1000,U.1.01.02.01.001,255590.31,2014-07-28
130,1000,U.1.01.02.01.001,2778.75,2014-07-28
130,1000,U.1.01.02.01.001,72306.50,2014-07-28
130,1000,U.1.01.02.01.003,176.55,2014-07-28
130,1000,U.1.01.02.01.003,7232.47,2014-07-28
130,1000,U.1.01.02.01.003,18183.34,2014-07-28
130,1000,U.7.01.02.02.001,124406.12,2014-07-28
130,1000,U.7.01.02.02.001,4874.28,2014-07-28
130,1000,U.7.01.02.02.001,17632.68,2014-07-28
130,1000,U.7.01.02.99.999,34.27,2014-07-28
130,1000,U.7.01.02.99.999,122.29,2014-07-28
130,1000,U.7.01.02.99.999,168.45,2014-07-28
130,1000,E.9.01.99.03.001,4.32,2014-07-31
130,1000,E.9.01.99.03.001,105515.61,2014-07-31
130,1000,U.1.01.02.01.001,188.00,2014-08-01
130,1000,U.1.01.02.01.001,652.00,2014-08-01
130,1000,U.1.01.02.01.001,4686.00,2014-08-01
130,1000,U.1.01.02.01.001,8942.97,2014-08-01
130,1000,U.1.02.01.01.001,992.42,2014-08-01
130,1000,U.1.02.01.01.001,32241.77,2014-08-01
130,1000,U.1.02.01.01.001,91086.93,2014-08-01
130,1000,U.1.03.01.01.001,356.00,2014-08-01
130,1000,U.1.03.01.02.002,1357.91,2014-08-01
130,1000,U.1.03.02.07.006,1464.00,2014-08-01
130,1000,U.7.01.02.01.001,11093.57,2014-08-01
130,1000,U.7.01.02.01.001,15104.13,2014-08-01
130,1000,U.7.01.02.01.001,99399.71,2014-08-01
130,1000,U.7.01.02.01.001,606.76,2014-08-01
130,1000,U.7.01.02.02.001,4469.03,2014-08-01
130,1000,U.7.01.02.99.999,3369.44,2014-08-01
130,1000,U.1.01.02.01.001,6971.54,2014-08-04
130,1000,U.1.01.02.01.001,1382.64,2014-08-04
130,1000,U.1.01.02.01.001,16548.66,2014-08-04
130,1000,U.1.01.02.01.002,350.62,2014-08-04
130,1000,U.7.01.02.02.001,9985.18,2014-08-04
130,1000,U.7.01.02.99.999,575.31,2014-08-04
130,1000,U.7.01.02.99.999,10634.23,2014-08-04
130,1000,E.3.05.99.99.999,115.21,2014-08-05
130,1000,E.9.01.02.01.001,270037.17,2014-08-05
130,1000,E.9.01.02.02.001,127640.96,2014-08-05
130,1000,E.9.01.02.99.999,14966.92,2014-08-05
130,1000,U.1.01.01.01.002,2776.37,2014-08-05
130,1000,U.1.01.01.01.002,480029.49,2014-08-05
130,1000,U.1.01.01.01.002,55794.12,2014-08-05
130,1000,U.1.01.01.01.002,77359.11,2014-08-05
130,1000,U.1.01.01.01.002,44363.11,2014-08-05
130,1000,U.1.01.01.01.003,5832.84,2014-08-05
130,1000,U.1.01.01.01.003,2416.92,2014-08-05
130,1000,U.1.01.01.01.004,60.00,2014-08-05
130,1000,U.1.01.01.01.004,36023.13,2014-08-05
130,1000,U.1.01.01.01.004,8820.80,2014-08-05
130,1000,U.1.01.01.01.006,3515.43,2014-08-05
130,1000,U.1.01.01.01.006,9731.32,2014-08-05
130,1000,U.1.01.01.01.006,6938.90,2014-08-05
130,1000,U.1.01.01.01.006,256510.17,2014-08-05
130,1000,U.1.01.01.01.006,24577.14,2014-08-05
130,1000,U.1.01.01.01.006,1463.21,2014-08-05
130,1000,U.1.01.01.01.006,6285.87,2014-08-05
130,1000,U.1.01.01.01.006,13061.10,2014-08-05
130,1000,U.1.01.01.01.008,48594.08,2014-08-05
130,1000,U.1.01.02.01.001,1519.64,2014-08-05
130,1000,U.1.01.02.01.001,164507.76,2014-08-05
130,1000,U.1.01.02.01.001,72154.30,2014-08-05
130,1000,U.1.01.02.01.003,18179.46,2014-08-05
130,1000,U.1.01.02.01.003,176.55,2014-08-05
130,1000,U.1.01.02.01.003,7275.27,2014-08-05
130,1000,U.1.01.02.02.003,15171.61,2014-08-05
130,1000,U.1.03.01.01.001,2520.50,2014-08-05
130,1000,U.1.03.01.01.001,64.00,2014-08-05
130,1000,U.1.03.01.01.001,5419.55,2014-08-05
130,1000,U.1.03.02.05.003,17332.90,2014-08-05
130,1000,U.1.03.02.07.006,2830.40,2014-08-05
130,1000,U.1.03.02.07.007,12000.01,2014-08-05
130,1000,U.1.03.02.12.003,57298.50,2014-08-05
130,1000,U.7.01.02.02.001,89390.17,2014-08-05
130,1000,U.7.01.02.02.001,3502.82,2014-08-05
130,1000,U.7.01.02.02.001,17623.76,2014-08-05
130,1000,U.7.01.02.99.999,168.45,2014-08-05
130,1000,U.7.01.02.99.999,34.27,2014-08-05
130,1000,U.7.01.02.99.999,13284.05,2014-08-05
130,1000,U.7.01.02.99.999,439.86,2014-08-05
130,1000,U.7.01.02.99.999,122.29,2014-08-05
130,1000,U.7.01.99.99.999,24285.78,2014-08-05
130,1000,U.1.03.01.01.002,1375.52,2014-08-06
130,1000,U.1.03.02.05.003,182562.50,2014-08-06
130,1000,U.1.03.02.05.003,7762.50,2014-08-06
130,1000,U.1.01.02.01.999,220.00,2014-08-08
130,1000,U.1.01.02.01.999,366.00,2014-08-08
130,1000,U.1.01.02.01.999,161.56,2014-08-08
130,1000,U.1.01.02.01.999,48.33,2014-08-08
130,1000,U.1.01.02.01.999,220.99,2014-08-08
130,1000,U.1.01.02.01.999,50.00,2014-08-08
130,1000,U.1.03.02.10.001,1536.00,2014-08-08
130,1000,U.1.03.02.10.001,4038.76,2014-08-08
130,1000,U.1.03.02.10.001,11243.52,2014-08-08
130,1000,U.1.03.02.10.001,6788.96,2014-08-08
130,1000,U.1.03.02.05.002,16286.68,2014-08-19
130,1000,U.1.03.02.05.002,27.68,2014-08-19
130,1000,U.1.03.02.16.999,1270.33,2014-08-27
130,1000,U.1.01.01.02.002,29122.23,2014-08-29
130,1000,U.1.01.01.02.002,11520.89,2014-08-29
130,1000,U.1.01.01.02.002,326.61,2014-08-29
130,1000,U.1.03.01.01.001,1325.50,2014-08-29
130,1000,U.1.03.01.01.002,560.80,2014-08-29
130,1000,U.1.03.01.02.001,1830.00,2014-08-29
130,1000,U.1.03.01.02.001,3286.66,2014-08-29
130,1000,E.9.01.99.03.001,109831.74,2014-09-02
130,1000,U.1.03.01.02.002,1347.53,2014-09-03
130,1000,U.1.03.02.04.003,1612.00,2014-09-03
130,1000,U.1.01.01.02.002,344.43,2014-09-05
130,1000,U.1.01.01.02.002,11426.86,2014-09-05
130,1000,U.1.01.01.02.002,26892.80,2014-09-05
130,1000,U.1.01.02.01.001,6150.99,2014-09-09
130,1000,U.1.01.02.01.001,4709.00,2014-09-09
130,1000,U.1.01.02.01.001,9029.96,2014-09-09
130,1000,U.1.01.02.01.001,16017.01,2014-09-09
130,1000,U.1.01.02.01.001,649.00,2014-09-09
130,1000,U.1.01.02.01.001,460.48,2014-09-09
130,1000,U.1.01.02.01.001,103.00,2014-09-09
130,1000,U.1.01.02.01.002,349.31,2014-09-09
130,1000,U.1.02.01.01.001,542.73,2014-09-09
130,1000,U.1.02.01.01.001,32713.23,2014-09-09
130,1000,U.1.02.01.01.001,62104.68,2014-09-09
130,1000,U.7.01.02.01.001,229684.86,2014-09-09
130,1000,U.7.01.02.01.001,640.71,2014-09-09
130,1000,U.7.01.02.01.001,16716.45,2014-09-09
130,1000,U.7.01.02.01.001,9711.10,2014-09-09
130,1000,U.7.01.02.02.001,11622.56,2014-09-09
130,1000,U.7.01.02.02.001,922.16,2014-09-09
130,1000,U.7.01.02.02.001,4512.04,2014-09-09
130,1000,U.7.01.02.99.999,597.44,2014-09-09
130,1000,U.7.01.02.99.999,2976.30,2014-09-09
130,1000,U.7.01.02.99.999,10628.31,2014-09-09
130,1000,U.1.01.02.01.999,50.00,2014-09-11
130,1000,U.1.01.02.01.999,48.33,2014-09-11
130,1000,U.1.03.02.07.007,53500.00,2014-09-11
130,1000,U.1.03.02.10.001,1536.00,2014-09-11
130,1000,U.1.03.02.10.001,3750.00,2014-09-12
130,1000,U.1.03.02.07.006,1415.20,2014-09-17
130,1000,U.1.03.01.02.002,350.48,2014-09-22
130,1000,U.1.03.02.07.004,628.09,2014-09-22
130,1000,U.1.03.02.07.007,2871.36,2014-09-22
130,1000,U.1.03.02.07.007,9485.50,2014-09-22
130,1000,E.3.05.99.99.999,118.72,2014-09-23
130,1000,E.9.01.02.01.001,282927.23,2014-09-23
130,1000,E.9.01.02.02.001,134210.50,2014-09-23
130,1000,E.9.01.02.99.999,13980.08,2014-09-23
130,1000,U.1.01.01.01.002,77359.11,2014-09-23
130,1000,U.1.01.01.01.002,2776.37,2014-09-23
130,1000,U.1.01.01.01.002,55794.12,2014-09-23
130,1000,U.1.01.01.01.002,476981.03,2014-09-23
130,1000,U.1.01.01.01.002,42483.93,2014-09-23
130,1000,U.1.01.01.01.003,2533.95,2014-09-23
130,1000,U.1.01.01.01.003,7296.73,2014-09-23
130,1000,U.1.01.01.01.004,77865.18,2014-09-23
130,1000,U.1.01.01.01.004,35943.79,2014-09-23
130,1000,U.1.01.01.01.004,60.00,2014-09-23
130,1000,U.1.01.01.01.006,26158.17,2014-09-23
130,1000,U.1.01.01.01.006,6938.90,2014-09-23
130,1000,U.1.01.01.01.006,6285.87,2014-09-23
130,1000,U.1.01.01.01.006,263220.52,2014-09-23
130,1000,U.1.01.01.01.006,13061.10,2014-09-23
130,1000,U.1.01.01.01.006,744.60,2014-09-23
130,1000,U.1.01.01.01.006,10170.44,2014-09-23
130,1000,U.1.01.01.01.006,1463.21,2014-09-23
130,1000,U.1.01.01.01.008,48807.94,2014-09-23
130,1000,U.1.01.02.02.001,6488.01,2014-09-23
130,1000,U.1.01.02.02.001,10386.12,2014-09-23
130,1000,U.1.01.02.02.003,12808.26,2014-09-23
130,1000,U.1.03.02.12.003,60098.50,2014-09-23
130,1000,U.7.01.02.99.999,437.24,2014-09-23
130,1000,U.7.01.02.99.999,14537.71,2014-09-23
130,1000,E.3.05.99.99.999,16.80,2014-09-24
130,1000,E.9.02.99.99.999,17.55,2014-09-24
130,1000,E.9.02.99.99.999,17.08,2014-09-24
130,1000,U.1.03.02.10.002,680.40,2014-09-25
130,1000,U.1.01.02.01.999,80.78,2014-09-29
130,1000,U.1.03.01.01.002,27.20,2014-09-29
130,1000,U.1.03.02.10.001,2019.38,2014-09-29
130,1000,U.1.03.02.05.003,2587.50,2014-09-30
130,1000,U.7.02.99.99.999,3218.62,2014-10-01
130,1000,U.7.02.99.99.999,2961.27,2014-10-01
130,1000,U.1.01.02.01.001,181107.99,2014-10-02
130,1000,U.1.01.02.01.001,1522.50,2014-10-02
130,1000,U.1.01.02.01.001,73821.97,2014-10-02
130,1000,U.1.01.02.01.003,18109.35,2014-10-02
130,1000,U.1.01.02.01.003,176.55,2014-10-02
130,1000,U.1.01.02.01.003,7440.92,2014-10-02
130,1000,U.1.01.02.01.999,150.00,2014-10-02
130,1000,U.1.03.02.10.001,4608.00,2014-10-02
130,1000,U.7.01.02.02.001,96216.39,2014-10-02
130,1000,U.7.01.02.02.001,17719.41,2014-10-02
130,1000,U.7.01.02.02.001,3770.54,2014-10-02
130,1000,U.7.01.02.99.999,168.45,2014-10-02
130,1000,U.7.01.02.99.999,34.27,2014-10-02
130,1000,U.7.01.02.99.999,122.29,2014-10-02
130,1000,U.1.01.02.01.001,8013.86,2014-10-08
130,1000,U.1.01.02.01.001,4836.00,2014-10-08
130,1000,U.1.01.02.01.001,103.00,2014-10-08
130,1000,U.1.01.02.01.001,615.00,2014-10-08
130,1000,U.1.01.02.01.001,9440.72,2014-10-08
130,1000,U.1.01.02.01.001,921.56,2014-10-08
130,1000,U.1.01.02.01.001,15734.60,2014-10-08
130,1000,U.1.01.02.01.002,336.50,2014-10-08
130,1000,U.1.02.01.01.001,34332.64,2014-10-08
130,1000,U.1.02.01.01.001,543.75,2014-10-08
130,1000,U.1.02.01.01.001,70055.12,2014-10-08
130,1000,U.1.03.02.05.001,7177.93,2014-10-08
130,1000,U.1.03.02.07.008,832.44,2014-10-08
130,1000,U.7.01.02.01.001,239812.81,2014-10-08
130,1000,U.7.01.02.01.001,10204.91,2014-10-08
130,1000,U.7.01.02.01.001,640.71,2014-10-08
130,1000,U.7.01.02.01.001,17731.09,2014-10-08
130,1000,U.7.01.02.02.001,461.08,2014-10-08
130,1000,U.7.01.02.02.001,4717.28,2014-10-08
130,1000,U.7.01.02.02.001,11253.60,2014-10-08
130,1000,U.7.01.02.99.999,566.32,2014-10-08
130,1000,U.7.01.02.99.999,9640.80,2014-10-08
130,1000,U.7.01.02.99.999,3010.71,2014-10-08
130,1000,U.7.02.99.99.999,21622.44,2014-10-10
130,1000,U.1.03.02.05.002,13732.42,2014-10-13
130,1000,U.1.01.02.01.999,48.33,2014-10-14
130,1000,U.1.01.02.01.999,50.00,2014-10-14
130,1000,U.1.03.01.01.001,374.63,2014-10-14
130,1000,U.1.03.02.05.003,5977.51,2014-10-14
130,1000,U.1.03.02.10.001,1536.00,2014-10-14
130,1000,U.1.01.01.02.002,386.00,2014-10-20
130,1000,U.1.01.01.02.002,13252.69,2014-10-20
130,1000,U.1.01.01.02.002,30850.84,2014-10-20
130,1000,U.1.01.02.01.999,366.00,2014-10-20
130,1000,U.1.01.02.01.999,80.78,2014-10-20
130,1000,U.1.03.01.02.002,1426.54,2014-10-20
130,1000,U.1.03.02.10.001,11243.52,2014-10-20
130,1000,U.1.03.02.10.001,2019.38,2014-10-20
130,1000,E.3.05.99.99.999,115.43,2014-10-21
130,1000,E.9.01.02.01.001,256557.44,2014-10-21
130,1000,E.9.01.02.02.001,127374.19,2014-10-21
130,1000,E.9.01.02.99.999,14282.80,2014-10-21
130,1000,E.9.01.02.99.999,3080.72,2014-10-21
130,1000,U.1.01.01.01.002,42790.70,2014-10-21
130,1000,U.1.01.01.01.002,58683.74,2014-10-21
130,1000,U.1.01.01.01.002,2776.37,2014-10-21
130,1000,U.1.01.01.01.002,483245.21,2014-10-21
130,1000,U.1.01.01.01.002,80876.23,2014-10-21
130,1000,U.1.01.01.01.003,1732.31,2014-10-21
130,1000,U.1.01.01.01.003,1125.38,2014-10-21
130,1000,U.1.01.01.01.004,36023.13,2014-10-21
130,1000,U.1.01.01.01.004,12643.78,2014-10-21
130,1000,U.1.01.01.01.006,6938.90,2014-10-21
130,1000,U.1.01.01.01.006,9511.76,2014-10-21
130,1000,U.1.01.01.01.006,23364.12,2014-10-21
130,1000,U.1.01.01.01.006,258128.16,2014-10-21
130,1000,U.1.01.01.01.006,6285.87,2014-10-21
130,1000,U.1.01.01.01.006,1063.35,2014-10-21
130,1000,U.1.01.01.01.006,13061.10,2014-10-21
130,1000,U.1.01.01.01.006,744.60,2014-10-21
130,1000,U.1.01.01.01.008,48789.94,2014-10-21
130,1000,U.1.01.02.02.001,2311.41,2014-10-21
130,1000,U.1.01.02.02.001,6480.16,2014-10-21
130,1000,U.1.03.02.12.003,60935.30,2014-10-21
130,1000,U.7.01.02.99.999,437.24,2014-10-21
130,1000,U.7.01.02.99.999,15908.54,2014-10-21
130,1000,U.1.01.02.01.001,165616.34,2014-10-23
130,1000,U.1.01.02.01.001,1504.17,2014-10-23
130,1000,U.1.01.02.01.001,72105.63,2014-10-23
130,1000,U.1.01.02.01.003,18388.55,2014-10-23
130,1000,U.1.01.02.01.003,7270.52,2014-10-23
130,1000,U.1.01.02.01.003,176.55,2014-10-23
130,1000,U.7.01.02.02.001,17867.39,2014-10-23
130,1000,U.7.01.02.02.001,3518.62,2014-10-23
130,1000,U.7.01.02.02.001,89759.40,2014-10-23
130,1000,U.7.01.02.99.999,34.27,2014-10-23
130,1000,U.7.01.02.99.999,122.29,2014-10-23
130,1000,U.7.01.02.99.999,168.45,2014-10-23
130,1000,U.7.02.99.99.999,3512.35,2014-10-24
130,1000,U.1.03.01.02.001,2430.00,2014-10-28
130,1000,U.1.03.01.02.004,16454.75,2014-10-28
130,1000,U.1.03.02.05.003,11535.05,2014-10-28
130,1000,U.1.03.02.05.003,3936.60,2014-10-28
130,1000,U.1.03.02.07.006,1108.54,2014-10-28
130,1000,U.1.03.02.16.002,1533.40,2014-10-28
130,1000,U.1.03.02.10.001,13826.76,2014-10-29
130,1000,U.1.03.02.07.001,6634.79,2014-10-31
130,1000,U.1.03.02.10.001,1250.00,2014-10-31
130,1000,U.1.03.02.05.001,5654.55,2014-11-03
130,1000,U.1.03.02.07.008,1320.40,2014-11-03
130,1000,U.1.01.02.01.001,9516.44,2014-11-05
130,1000,U.1.01.02.01.001,102.00,2014-11-05
130,1000,U.1.01.02.01.001,4710.00,2014-11-05
130,1000,U.1.01.02.01.001,605.00,2014-11-05
130,1000,U.1.01.02.01.999,73.33,2014-11-05
130,1000,U.1.02.01.01.001,61210.62,2014-11-05
130,1000,U.1.02.01.01.001,32967.96,2014-11-05
130,1000,U.1.02.01.01.001,537.20,2014-11-05
130,1000,U.1.03.01.01.001,2761.56,2014-11-05
130,1000,U.1.03.02.02.999,10084.50,2014-11-05
130,1000,U.1.04.04.01.001,991.80,2014-11-05
130,1000,U.7.01.02.01.001,210051.71,2014-11-05
130,1000,U.7.01.02.01.001,10812.38,2014-11-05
130,1000,U.7.01.02.01.001,19144.10,2014-11-05
130,1000,U.7.01.02.01.001,640.71,2014-11-05
130,1000,U.7.01.02.02.001,4755.56,2014-11-05
130,1000,U.7.01.02.99.999,3010.71,2014-11-05
130,1000,U.1.01.02.01.001,8059.49,2014-11-06
130,1000,U.1.01.02.01.001,921.56,2014-11-06
130,1000,U.1.01.02.01.001,15288.17,2014-11-06
130,1000,U.1.01.02.01.002,336.94,2014-11-06
130,1000,U.1.03.02.07.006,7283.40,2014-11-06
130,1000,U.7.01.02.02.001,10940.90,2014-11-06
130,1000,U.7.01.02.02.001,461.08,2014-11-06
130,1000,U.7.01.02.99.999,9267.15,2014-11-06
130,1000,U.7.01.02.99.999,290.96,2014-11-06
130,1000,U.7.01.02.99.999,85.45,2014-11-06
130,1000,U.7.01.02.99.999,572.78,2014-11-06
130,1000,U.1.01.02.01.999,50.00,2014-11-12
130,1000,U.1.03.01.01.002,803.49,2014-11-12
130,1000,U.1.03.02.05.003,53076.87,2014-11-12
130,1000,U.1.03.02.07.006,8748.00,2014-11-12
130,1000,U.1.03.02.10.001,1536.00,2014-11-12
130,1000,U.1.01.02.01.999,48.33,2014-11-17
130,1000,U.1.03.01.01.001,350.50,2014-11-17
130,1000,U.1.03.01.02.001,602.85,2014-11-17
130,1000,U.1.03.02.10.001,5000.00,2014-11-17
130,1000,U.1.03.02.16.999,1264.53,2014-11-17
130,1000,U.1.03.01.01.001,1132.41,2014-11-19
130,1000,U.1.03.02.10.001,22320.00,2014-11-19
130,1000,E.3.05.99.99.999,114.27,2014-11-20
130,1000,E.9.01.02.01.001,311838.19,2014-11-20
130,1000,E.9.01.02.02.001,1350.00,2014-11-20
130,1000,E.9.01.02.02.001,133900.12,2014-11-20
130,1000,E.9.01.02.99.999,13501.98,2014-11-20
130,1000,E.9.01.02.99.999,7105.44,2014-11-20
130,1000,U.1.01.01.01.002,39790.97,2014-11-20
130,1000,U.1.01.01.01.002,73136.25,2014-11-20
130,1000,U.1.01.01.01.002,42021.48,2014-11-20
130,1000,U.1.01.01.01.002,52241.39,2014-11-20
130,1000,U.1.01.01.01.002,484892.26,2014-11-20
130,1000,U.1.01.01.01.003,2533.95,2014-11-20
130,1000,U.1.01.01.01.003,5655.05,2014-11-20
130,1000,U.1.01.01.01.004,35906.59,2014-11-20
130,1000,U.1.01.01.01.004,22070.24,2014-11-20
130,1000,U.1.01.01.01.004,60.00,2014-11-20
130,1000,U.1.01.01.01.006,259138.94,2014-11-20
130,1000,U.1.01.01.01.006,14968.33,2014-11-20
130,1000,U.1.01.01.01.006,6360.60,2014-11-20
130,1000,U.1.01.01.01.006,9511.76,2014-11-20
130,1000,U.1.01.01.01.006,6285.87,2014-11-20
130,1000,U.1.01.01.01.006,24223.29,2014-11-20
130,1000,U.1.01.01.01.006,7713.58,2014-11-20
130,1000,U.1.01.01.01.008,48928.21,2014-11-20
130,1000,U.1.01.02.02.001,5862.08,2014-11-20
130,1000,U.1.01.02.02.001,4164.81,2014-11-20
130,1000,U.1.01.02.02.003,2024.94,2014-11-20
130,1000,U.1.03.02.12.003,61532.50,2014-11-20
130,1000,U.7.01.02.99.999,437.24,2014-11-20
130,1000,U.7.01.02.99.999,1350.00,2014-11-20
130,1000,U.7.01.02.99.999,16494.52,2014-11-20
130,1000,U.7.01.99.99.999,15651.17,2014-11-20
130,1000,U.7.01.99.99.999,50000.00,2014-11-20
130,1000,U.1.01.02.01.001,73010.12,2014-11-24
130,1000,U.1.01.02.01.001,1519.23,2014-11-24
130,1000,U.1.01.02.01.001,166813.25,2014-11-24
130,1000,U.1.01.02.01.003,7309.23,2014-11-24
130,1000,U.1.01.02.01.003,17947.01,2014-11-24
130,1000,U.1.01.02.01.003,176.55,2014-11-24
130,1000,U.7.01.02.02.001,3552.40,2014-11-24
130,1000,U.7.01.02.02.001,90821.71,2014-11-24
130,1000,U.7.01.02.02.001,17692.11,2014-11-24
130,1000,U.7.01.02.99.999,168.45,2014-11-24
130,1000,U.7.01.02.99.999,122.29,2014-11-24
130,1000,U.7.01.02.99.999,34.27,2014-11-24
130,1000,U.1.01.01.02.002,118.77,2014-11-27
130,1000,U.1.01.01.02.002,12638.72,2014-11-27
130,1000,U.1.01.01.02.002,2849.15,2014-11-27
130,1000,U.1.03.02.05.003,3936.60,2014-11-27
130,1000,U.1.03.02.07.006,2612.25,2014-11-27
130,1000,U.1.03.02.07.007,5975.41,2014-11-27
130,1000,U.1.03.02.07.007,26640.37,2014-11-27
130,1000,U.1.03.02.10.002,6876.90,2014-11-27
130,1000,U.1.03.01.02.001,2430.00,2014-12-01
130,1000,U.1.03.01.02.002,1601.06,2014-12-01
130,1000,U.1.03.02.07.004,3660.00,2014-12-01
130,1000,U.1.03.02.09.006,2185.02,2014-12-01
130,1000,U.1.04.04.01.001,3278.40,2014-12-01
130,1000,U.1.03.02.05.003,13269.22,2014-12-04
130,1000,U.1.03.02.07.006,309.02,2014-12-04
130,1000,U.1.01.02.01.001,7346.27,2014-12-05
130,1000,U.1.01.02.01.001,1046.24,2014-12-05
130,1000,U.1.01.02.01.001,26688.21,2014-12-05
130,1000,U.1.01.02.01.002,331.75,2014-12-05
130,1000,U.7.01.02.02.001,523.45,2014-12-05
130,1000,U.7.01.02.02.001,16449.44,2014-12-05
130,1000,U.7.01.02.99.999,8872.05,2014-12-05
130,1000,U.7.01.02.99.999,564.27,2014-12-05
130,1000,U.1.01.02.01.001,906.00,2014-12-09
130,1000,U.1.01.02.01.001,9580.47,2014-12-09
130,1000,U.1.01.02.01.001,103.00,2014-12-09
130,1000,U.1.01.02.01.001,4763.00,2014-12-09
130,1000,U.1.02.01.01.001,542.58,2014-12-09
130,1000,U.1.02.01.01.001,33509.09,2014-12-09
130,1000,U.1.02.01.01.001,66570.58,2014-12-09
130,1000,U.7.01.02.01.001,268913.27,2014-12-09
130,1000,U.7.01.02.01.001,16407.59,2014-12-09
130,1000,U.7.01.02.01.001,9382.11,2014-12-09
130,1000,U.7.01.02.01.001,640.70,2014-12-09
130,1000,U.7.01.02.02.001,4787.53,2014-12-09
130,1000,U.7.01.02.99.999,3010.71,2014-12-09
130,1000,E.3.05.99.99.999,109.98,2014-12-15
130,1000,E.9.01.02.01.001,497162.55,2014-12-15
130,1000,E.9.01.02.02.001,248828.87,2014-12-15
130,1000,E.9.01.02.99.999,6250.66,2014-12-15
130,1000,E.9.01.02.99.999,16314.08,2014-12-15
130,1000,U.1.01.01.01.002,951319.02,2014-12-15
130,1000,U.1.01.01.01.002,146272.50,2014-12-15
130,1000,U.1.01.01.01.002,94112.41,2014-12-15
130,1000,U.1.01.01.01.002,104565.64,2014-12-15
130,1000,U.1.01.01.01.002,2776.37,2014-12-15
130,1000,U.1.01.01.01.003,5886.20,2014-12-15
130,1000,U.1.01.01.01.003,1954.89,2014-12-15
130,1000,U.1.01.01.01.004,73815.55,2014-12-15
130,1000,U.1.01.01.01.004,60.00,2014-12-15
130,1000,U.1.01.01.01.004,12959.80,2014-12-15
130,1000,U.1.01.01.01.006,157704.19,2014-12-15
130,1000,U.1.01.01.01.006,25859.70,2014-12-15
130,1000,U.1.01.01.01.006,505387.26,2014-12-15
130,1000,U.1.01.01.01.006,21346.03,2014-12-15
130,1000,U.1.01.01.01.006,13877.80,2014-12-15
130,1000,U.1.01.01.01.006,12416.04,2014-12-15
130,1000,U.1.01.01.01.006,744.60,2014-12-15
130,1000,U.1.01.01.01.008,49290.86,2014-12-15
130,1000,U.1.01.02.01.999,226.49,2014-12-15
130,1000,U.1.01.02.02.001,1846.17,2014-12-15
130,1000,U.1.01.02.02.001,4320.96,2014-12-15
130,1000,U.1.03.01.02.001,10752.78,2014-12-15
130,1000,U.1.03.01.02.001,3719.72,2014-12-15
130,1000,U.1.03.02.05.003,3936.60,2014-12-15
130,1000,U.1.03.02.05.003,2587.50,2014-12-15
130,1000,U.1.03.02.07.004,625.52,2014-12-15
130,1000,U.1.03.02.07.006,6743.25,2014-12-15
130,1000,U.1.03.02.07.007,2859.59,2014-12-15
130,1000,U.1.03.02.07.008,832.44,2014-12-15
130,1000,U.1.03.02.10.001,12000.00,2014-12-15
130,1000,U.1.03.02.10.001,22400.00,2014-12-15
130,1000,U.1.03.02.10.001,6957.84,2014-12-15
130,1000,U.1.03.02.12.003,61562.95,2014-12-15
130,1000,U.7.01.02.99.999,437.24,2014-12-15
130,1000,U.7.01.02.99.999,13372.63,2014-12-15
130,1000,U.1.01.02.01.001,155902.40,2014-12-16
130,1000,U.1.01.02.01.001,2981.48,2014-12-16
130,1000,U.1.01.02.01.001,319186.37,2014-12-16
130,1000,U.1.01.02.01.003,14192.11,2014-12-16
130,1000,U.1.01.02.01.003,35782.82,2014-12-16
130,1000,U.1.01.02.01.003,353.10,2014-12-16
130,1000,U.7.01.02.02.001,7029.78,2014-12-16
130,1000,U.7.01.02.02.001,179507.31,2014-12-16
130,1000,U.7.01.02.02.001,34841.98,2014-12-16
130,1000,U.7.01.02.99.999,34.27,2014-12-16
130,1000,U.7.01.02.99.999,168.45,2014-12-16
130,1000,U.7.01.02.99.999,122.29,2014-12-16
130,1000,U.1.01.01.02.002,32497.61,2014-12-17
130,1000,U.1.01.01.02.002,240.98,2014-12-17
130,1000,U.1.01.01.02.002,11484.84,2014-12-17
130,1000,U.1.01.02.01.999,180.00,2014-12-17
130,1000,U.1.01.02.01.999,50.00,2014-12-17
130,1000,U.1.03.01.01.001,555.71,2014-12-17
130,1000,U.1.03.01.01.001,276.61,2014-12-17
130,1000,U.1.03.02.10.001,13826.76,2014-12-17
130,1000,U.1.03.02.10.001,5529.60,2014-12-17
130,1000,U.1.03.02.10.001,18450.00,2014-12-17
130,1000,U.1.03.02.10.001,1536.00,2014-12-17
130,1000,E.9.01.99.03.001,2016.00,2014-12-18
130,1000,U.1.01.02.01.999,48.33,2014-12-18
130,1000,U.1.03.01.01.002,385.26,2014-12-18
130,1000,U.1.03.01.01.002,105.87,2014-12-18
130,1000,U.1.03.01.02.002,1306.51,2014-12-18
130,1000,U.1.03.01.02.006,110.50,2014-12-18
130,1000,U.1.03.02.07.008,16295.31,2014-12-18
130,1000,U.1.03.02.13.999,547.67,2014-12-18
130,1000,E.2.01.01.04.001,4000000.00,2014-12-19
130,1000,E.2.01.01.04.001,194186.97,2014-12-19
130,1000,E.2.01.01.04.001,6000000.00,2014-12-19
130,1000,U.1.01.02.02.003,1149.23,2014-12-19
130,1000,U.1.01.02.02.003,0.15,2014-12-22
130,1000,U.1.03.02.05.002,17591.56,2014-12-22
130,1000,E.3.05.99.99.999,61.82,2014-12-23
130,1000,E.3.05.99.99.999,64.87,2014-12-23
130,1000,E.3.05.99.99.999,341.17,2014-12-23
130,1000,E.9.02.99.99.999,17.55,2014-12-23
130,1000,E.9.02.99.99.999,18.09,2014-12-23
130,1000,U.1.01.02.01.001,9183.74,2014-12-23
130,1000,U.1.01.02.01.001,202.00,2014-12-23
130,1000,U.1.01.02.01.001,13858.87,2014-12-23
130,1000,U.1.01.02.01.001,1217.00,2014-12-23
130,1000,U.1.01.02.01.001,10238.00,2014-12-23
130,1000,U.1.01.02.01.001,1046.24,2014-12-23
130,1000,U.1.01.02.01.001,32049.84,2014-12-23
130,1000,U.1.01.02.01.002,9698.53,2014-12-23
130,1000,U.1.02.01.01.001,120001.59,2014-12-23
130,1000,U.1.02.01.01.001,65708.17,2014-12-23
130,1000,U.1.02.01.01.001,1064.81,2014-12-23
130,1000,U.7.01.02.01.001,1054.48,2014-12-23
130,1000,U.7.01.02.01.001,3511.76,2014-12-23
130,1000,U.7.01.02.01.001,479223.68,2014-12-23
130,1000,U.7.01.02.02.001,22265.74,2014-12-23
130,1000,U.7.01.02.02.001,523.45,2014-12-23
130,1000,U.7.01.02.02.001,4589.26,2014-12-23
130,1000,U.7.01.02.99.999,3057.39,2014-12-23
130,1000,U.7.01.02.99.999,10921.29,2014-12-23
130,1000,U.7.01.02.99.999,1073.87,2014-12-23
130,1000,E.9.02.99.99.999,17.55,2014-12-29
130,1000,E.9.02.99.99.999,17.08,2014-12-29
130,1000,E.3.05.99.99.999,66.43,2014-12-30
130,1000,E.3.05.99.99.999,34.40,2014-12-30
130,1000,E.9.01.99.03.001,27079.07,2014-12-31
